The target system is: Generic -  - 
The host system is: Linux - 5.8.0-44-generic - x86_64
Compiling the C compiler identification source file "CMakeCCompilerId.c" succeeded.
Compiler: /home/peterglen/.espressif/tools/xtensa-esp32-elf/esp-2020r3-8.4.0/xtensa-esp32-elf/bin/xtensa-esp32-elf-gcc 
Build flags: -mlongcalls;-Wno-frame-address
Id flags:  

The output was:
0


Compilation of the C compiler identification source "CMakeCCompilerId.c" produced "a.out"

The C compiler identification is GNU, found in "/akostar/esp32-s2/esp-s2code/ftm/CMakeFiles/3.16.3/CompilerIdC/a.out"

Compiling the CXX compiler identification source file "CMakeCXXCompilerId.cpp" succeeded.
Compiler: /home/peterglen/.espressif/tools/xtensa-esp32-elf/esp-2020r3-8.4.0/xtensa-esp32-elf/bin/xtensa-esp32-elf-g++ 
Build flags: -mlongcalls;-Wno-frame-address
Id flags:  

The output was:
0


Compilation of the CXX compiler identification source "CMakeCXXCompilerId.cpp" produced "a.out"

The CXX compiler identification is GNU, found in "/akostar/esp32-s2/esp-s2code/ftm/CMakeFiles/3.16.3/CompilerIdCXX/a.out"

Checking whether the ASM compiler is GNU using "--version" matched "(GNU assembler)|(GCC)|(Free Software Foundation)":
xtensa-esp32-elf-gcc (crosstool-NG esp-2020r3) 8.4.0
Copyright (C) 2018 Free Software Foundation, Inc.
This is free software; see the source for copying conditions.  There is NO
warranty; not even for MERCHANTABILITY or FITNESS FOR A PARTICULAR PURPOSE.

Determining if the C compiler works passed with the following output:
Change Dir: /akostar/esp32-s2/esp-s2code/ftm/CMakeFiles/CMakeTmp

Run Build Command(s):/usr/bin/gmake cmTC_03791/fast && /usr/bin/gmake -f CMakeFiles/cmTC_03791.dir/build.make CMakeFiles/cmTC_03791.dir/build
gmake[1]: Entering directory '/akostar/esp32-s2/esp-s2code/ftm/CMakeFiles/CMakeTmp'
Building C object CMakeFiles/cmTC_03791.dir/testCCompiler.c.obj
/home/peterglen/.espressif/tools/xtensa-esp32-elf/esp-2020r3-8.4.0/xtensa-esp32-elf/bin/xtensa-esp32-elf-gcc   -mlongcalls -Wno-frame-address    -o CMakeFiles/cmTC_03791.dir/testCCompiler.c.obj   -c /akostar/esp32-s2/esp-s2code/ftm/CMakeFiles/CMakeTmp/testCCompiler.c
Linking C executable cmTC_03791
/usr/bin/cmake -E cmake_link_script CMakeFiles/cmTC_03791.dir/link.txt --verbose=1
/home/peterglen/.espressif/tools/xtensa-esp32-elf/esp-2020r3-8.4.0/xtensa-esp32-elf/bin/xtensa-esp32-elf-gcc -mlongcalls -Wno-frame-address     CMakeFiles/cmTC_03791.dir/testCCompiler.c.obj  -o cmTC_03791 
gmake[1]: Leaving directory '/akostar/esp32-s2/esp-s2code/ftm/CMakeFiles/CMakeTmp'



Detecting C compiler ABI info compiled with the following output:
Change Dir: /akostar/esp32-s2/esp-s2code/ftm/CMakeFiles/CMakeTmp

Run Build Command(s):/usr/bin/gmake cmTC_f31e0/fast && /usr/bin/gmake -f CMakeFiles/cmTC_f31e0.dir/build.make CMakeFiles/cmTC_f31e0.dir/build
gmake[1]: Entering directory '/akostar/esp32-s2/esp-s2code/ftm/CMakeFiles/CMakeTmp'
Building C object CMakeFiles/cmTC_f31e0.dir/CMakeCCompilerABI.c.obj
/home/peterglen/.espressif/tools/xtensa-esp32-elf/esp-2020r3-8.4.0/xtensa-esp32-elf/bin/xtensa-esp32-elf-gcc   -mlongcalls -Wno-frame-address    -v -o CMakeFiles/cmTC_f31e0.dir/CMakeCCompilerABI.c.obj   -c /usr/share/cmake-3.16/Modules/CMakeCCompilerABI.c
Using built-in specs.
COLLECT_GCC=/home/peterglen/.espressif/tools/xtensa-esp32-elf/esp-2020r3-8.4.0/xtensa-esp32-elf/bin/xtensa-esp32-elf-gcc
Target: xtensa-esp32-elf
Configured with: /builds/idf/crosstool-NG/.build/xtensa-esp32-elf/src/gcc/configure --build=x86_64-build_pc-linux-gnu --host=x86_64-build_pc-linux-gnu --target=xtensa-esp32-elf --prefix=/builds/idf/crosstool-NG/builds/xtensa-esp32-elf --with-local-prefix=/builds/idf/crosstool-NG/builds/xtensa-esp32-elf/xtensa-esp32-elf --with-headers=/builds/idf/crosstool-NG/builds/xtensa-esp32-elf/xtensa-esp32-elf/include --with-newlib --enable-threads=no --disable-shared --with-pkgversion='crosstool-NG esp-2020r3' --disable-__cxa_atexit --enable-cxx-flags=-ffunction-sections --disable-libgomp --disable-libmudflap --disable-libmpx --disable-libssp --disable-libquadmath --disable-libquadmath-support --with-gmp=/builds/idf/crosstool-NG/.build/xtensa-esp32-elf/buildtools --with-mpfr=/builds/idf/crosstool-NG/.build/xtensa-esp32-elf/buildtools --with-mpc=/builds/idf/crosstool-NG/.build/xtensa-esp32-elf/buildtools --with-isl=/builds/idf/crosstool-NG/.build/xtensa-esp32-elf/buildtools --enable-lto --enable-target-optspace --without-long-double-128 --disable-nls --enable-multiarch --enable-languages=c,c++ --disable-libstdcxx-verbose --enable-threads=posix --enable-gcov-custom-rtio --enable-libstdcxx-time=yes
Thread model: posix
gcc version 8.4.0 (crosstool-NG esp-2020r3) 
COLLECT_GCC_OPTIONS='-mlongcalls' '-Wno-frame-address' '-v' '-o' 'CMakeFiles/cmTC_f31e0.dir/CMakeCCompilerABI.c.obj' '-c'
 /home/peterglen/.espressif/tools/xtensa-esp32-elf/esp-2020r3-8.4.0/xtensa-esp32-elf/bin/../libexec/gcc/xtensa-esp32-elf/8.4.0/cc1 -quiet -v -iprefix /home/peterglen/.espressif/tools/xtensa-esp32-elf/esp-2020r3-8.4.0/xtensa-esp32-elf/bin/../lib/gcc/xtensa-esp32-elf/8.4.0/ /usr/share/cmake-3.16/Modules/CMakeCCompilerABI.c -quiet -dumpbase CMakeCCompilerABI.c -mlongcalls -auxbase-strip CMakeFiles/cmTC_f31e0.dir/CMakeCCompilerABI.c.obj -Wno-frame-address -version -o /tmp/cccTSCbU.s
GNU C17 (crosstool-NG esp-2020r3) version 8.4.0 (xtensa-esp32-elf)
	compiled by GNU C version 4.9.2, GMP version 6.1.2, MPFR version 4.0.1, MPC version 1.1.0, isl version isl-0.19-GMP

GGC heuristics: --param ggc-min-expand=100 --param ggc-min-heapsize=131072
ignoring duplicate directory "/home/peterglen/.espressif/tools/xtensa-esp32-elf/esp-2020r3-8.4.0/xtensa-esp32-elf/bin/../lib/gcc/../../lib/gcc/xtensa-esp32-elf/8.4.0/include"
ignoring duplicate directory "/home/peterglen/.espressif/tools/xtensa-esp32-elf/esp-2020r3-8.4.0/xtensa-esp32-elf/bin/../lib/gcc/../../lib/gcc/xtensa-esp32-elf/8.4.0/include-fixed"
ignoring duplicate directory "/home/peterglen/.espressif/tools/xtensa-esp32-elf/esp-2020r3-8.4.0/xtensa-esp32-elf/bin/../lib/gcc/../../lib/gcc/xtensa-esp32-elf/8.4.0/../../../../xtensa-esp32-elf/sys-include"
ignoring duplicate directory "/home/peterglen/.espressif/tools/xtensa-esp32-elf/esp-2020r3-8.4.0/xtensa-esp32-elf/bin/../lib/gcc/../../lib/gcc/xtensa-esp32-elf/8.4.0/../../../../xtensa-esp32-elf/include"
#include "..." search starts here:
#include <...> search starts here:
 /home/peterglen/.espressif/tools/xtensa-esp32-elf/esp-2020r3-8.4.0/xtensa-esp32-elf/bin/../lib/gcc/xtensa-esp32-elf/8.4.0/include
 /home/peterglen/.espressif/tools/xtensa-esp32-elf/esp-2020r3-8.4.0/xtensa-esp32-elf/bin/../lib/gcc/xtensa-esp32-elf/8.4.0/include-fixed
 /home/peterglen/.espressif/tools/xtensa-esp32-elf/esp-2020r3-8.4.0/xtensa-esp32-elf/bin/../lib/gcc/xtensa-esp32-elf/8.4.0/../../../../xtensa-esp32-elf/sys-include
 /home/peterglen/.espressif/tools/xtensa-esp32-elf/esp-2020r3-8.4.0/xtensa-esp32-elf/bin/../lib/gcc/xtensa-esp32-elf/8.4.0/../../../../xtensa-esp32-elf/include
End of search list.
GNU C17 (crosstool-NG esp-2020r3) version 8.4.0 (xtensa-esp32-elf)
	compiled by GNU C version 4.9.2, GMP version 6.1.2, MPFR version 4.0.1, MPC version 1.1.0, isl version isl-0.19-GMP

GGC heuristics: --param ggc-min-expand=100 --param ggc-min-heapsize=131072
Compiler executable checksum: 30a273f5c2e3bc492245d1974b5e7b3d
COLLECT_GCC_OPTIONS='-mlongcalls' '-Wno-frame-address' '-v' '-o' 'CMakeFiles/cmTC_f31e0.dir/CMakeCCompilerABI.c.obj' '-c'
 /home/peterglen/.espressif/tools/xtensa-esp32-elf/esp-2020r3-8.4.0/xtensa-esp32-elf/bin/../lib/gcc/xtensa-esp32-elf/8.4.0/../../../../xtensa-esp32-elf/bin/as --traditional-format --longcalls -o CMakeFiles/cmTC_f31e0.dir/CMakeCCompilerABI.c.obj /tmp/cccTSCbU.s
COMPILER_PATH=/home/peterglen/.espressif/tools/xtensa-esp32-elf/esp-2020r3-8.4.0/xtensa-esp32-elf/bin/../libexec/gcc/xtensa-esp32-elf/8.4.0/:/home/peterglen/.espressif/tools/xtensa-esp32-elf/esp-2020r3-8.4.0/xtensa-esp32-elf/bin/../libexec/gcc/:/home/peterglen/.espressif/tools/xtensa-esp32-elf/esp-2020r3-8.4.0/xtensa-esp32-elf/bin/../lib/gcc/xtensa-esp32-elf/8.4.0/../../../../xtensa-esp32-elf/bin/
LIBRARY_PATH=/home/peterglen/.espressif/tools/xtensa-esp32-elf/esp-2020r3-8.4.0/xtensa-esp32-elf/bin/../lib/gcc/xtensa-esp32-elf/8.4.0/:/home/peterglen/.espressif/tools/xtensa-esp32-elf/esp-2020r3-8.4.0/xtensa-esp32-elf/bin/../lib/gcc/:/home/peterglen/.espressif/tools/xtensa-esp32-elf/esp-2020r3-8.4.0/xtensa-esp32-elf/bin/../lib/gcc/xtensa-esp32-elf/8.4.0/../../../../xtensa-esp32-elf/lib/
COLLECT_GCC_OPTIONS='-mlongcalls' '-Wno-frame-address' '-v' '-o' 'CMakeFiles/cmTC_f31e0.dir/CMakeCCompilerABI.c.obj' '-c'
Linking C executable cmTC_f31e0
/usr/bin/cmake -E cmake_link_script CMakeFiles/cmTC_f31e0.dir/link.txt --verbose=1
/home/peterglen/.espressif/tools/xtensa-esp32-elf/esp-2020r3-8.4.0/xtensa-esp32-elf/bin/xtensa-esp32-elf-gcc -mlongcalls -Wno-frame-address    -v CMakeFiles/cmTC_f31e0.dir/CMakeCCompilerABI.c.obj  -o cmTC_f31e0 
Using built-in specs.
COLLECT_GCC=/home/peterglen/.espressif/tools/xtensa-esp32-elf/esp-2020r3-8.4.0/xtensa-esp32-elf/bin/xtensa-esp32-elf-gcc
COLLECT_LTO_WRAPPER=/home/peterglen/.espressif/tools/xtensa-esp32-elf/esp-2020r3-8.4.0/xtensa-esp32-elf/bin/../libexec/gcc/xtensa-esp32-elf/8.4.0/lto-wrapper
Target: xtensa-esp32-elf
Configured with: /builds/idf/crosstool-NG/.build/xtensa-esp32-elf/src/gcc/configure --build=x86_64-build_pc-linux-gnu --host=x86_64-build_pc-linux-gnu --target=xtensa-esp32-elf --prefix=/builds/idf/crosstool-NG/builds/xtensa-esp32-elf --with-local-prefix=/builds/idf/crosstool-NG/builds/xtensa-esp32-elf/xtensa-esp32-elf --with-headers=/builds/idf/crosstool-NG/builds/xtensa-esp32-elf/xtensa-esp32-elf/include --with-newlib --enable-threads=no --disable-shared --with-pkgversion='crosstool-NG esp-2020r3' --disable-__cxa_atexit --enable-cxx-flags=-ffunction-sections --disable-libgomp --disable-libmudflap --disable-libmpx --disable-libssp --disable-libquadmath --disable-libquadmath-support --with-gmp=/builds/idf/crosstool-NG/.build/xtensa-esp32-elf/buildtools --with-mpfr=/builds/idf/crosstool-NG/.build/xtensa-esp32-elf/buildtools --with-mpc=/builds/idf/crosstool-NG/.build/xtensa-esp32-elf/buildtools --with-isl=/builds/idf/crosstool-NG/.build/xtensa-esp32-elf/buildtools --enable-lto --enable-target-optspace --without-long-double-128 --disable-nls --enable-multiarch --enable-languages=c,c++ --disable-libstdcxx-verbose --enable-threads=posix --enable-gcov-custom-rtio --enable-libstdcxx-time=yes
Thread model: posix
gcc version 8.4.0 (crosstool-NG esp-2020r3) 
COMPILER_PATH=/home/peterglen/.espressif/tools/xtensa-esp32-elf/esp-2020r3-8.4.0/xtensa-esp32-elf/bin/../libexec/gcc/xtensa-esp32-elf/8.4.0/:/home/peterglen/.espressif/tools/xtensa-esp32-elf/esp-2020r3-8.4.0/xtensa-esp32-elf/bin/../libexec/gcc/:/home/peterglen/.espressif/tools/xtensa-esp32-elf/esp-2020r3-8.4.0/xtensa-esp32-elf/bin/../lib/gcc/xtensa-esp32-elf/8.4.0/../../../../xtensa-esp32-elf/bin/
LIBRARY_PATH=/home/peterglen/.espressif/tools/xtensa-esp32-elf/esp-2020r3-8.4.0/xtensa-esp32-elf/bin/../lib/gcc/xtensa-esp32-elf/8.4.0/:/home/peterglen/.espressif/tools/xtensa-esp32-elf/esp-2020r3-8.4.0/xtensa-esp32-elf/bin/../lib/gcc/:/home/peterglen/.espressif/tools/xtensa-esp32-elf/esp-2020r3-8.4.0/xtensa-esp32-elf/bin/../lib/gcc/xtensa-esp32-elf/8.4.0/../../../../xtensa-esp32-elf/lib/
COLLECT_GCC_OPTIONS='-mlongcalls' '-Wno-frame-address' '-v' '-o' 'cmTC_f31e0'
 /home/peterglen/.espressif/tools/xtensa-esp32-elf/esp-2020r3-8.4.0/xtensa-esp32-elf/bin/../libexec/gcc/xtensa-esp32-elf/8.4.0/collect2 -plugin /home/peterglen/.espressif/tools/xtensa-esp32-elf/esp-2020r3-8.4.0/xtensa-esp32-elf/bin/../libexec/gcc/xtensa-esp32-elf/8.4.0/liblto_plugin.so -plugin-opt=/home/peterglen/.espressif/tools/xtensa-esp32-elf/esp-2020r3-8.4.0/xtensa-esp32-elf/bin/../libexec/gcc/xtensa-esp32-elf/8.4.0/lto-wrapper -plugin-opt=-fresolution=/tmp/ccBnbONm.res -plugin-opt=-pass-through=-lgcc -plugin-opt=-pass-through=-lc -plugin-opt=-pass-through=-lnosys -plugin-opt=-pass-through=-lc -plugin-opt=-pass-through=-lgcc -o cmTC_f31e0 /home/peterglen/.espressif/tools/xtensa-esp32-elf/esp-2020r3-8.4.0/xtensa-esp32-elf/bin/../lib/gcc/xtensa-esp32-elf/8.4.0/../../../../xtensa-esp32-elf/lib/crt0.o /home/peterglen/.espressif/tools/xtensa-esp32-elf/esp-2020r3-8.4.0/xtensa-esp32-elf/bin/../lib/gcc/xtensa-esp32-elf/8.4.0/crti.o /home/peterglen/.espressif/tools/xtensa-esp32-elf/esp-2020r3-8.4.0/xtensa-esp32-elf/bin/../lib/gcc/xtensa-esp32-elf/8.4.0/crtbegin.o -L/home/peterglen/.espressif/tools/xtensa-esp32-elf/esp-2020r3-8.4.0/xtensa-esp32-elf/bin/../lib/gcc/xtensa-esp32-elf/8.4.0 -L/home/peterglen/.espressif/tools/xtensa-esp32-elf/esp-2020r3-8.4.0/xtensa-esp32-elf/bin/../lib/gcc -L/home/peterglen/.espressif/tools/xtensa-esp32-elf/esp-2020r3-8.4.0/xtensa-esp32-elf/bin/../lib/gcc/xtensa-esp32-elf/8.4.0/../../../../xtensa-esp32-elf/lib CMakeFiles/cmTC_f31e0.dir/CMakeCCompilerABI.c.obj -lgcc -lc -lnosys -lc -lgcc /home/peterglen/.espressif/tools/xtensa-esp32-elf/esp-2020r3-8.4.0/xtensa-esp32-elf/bin/../lib/gcc/xtensa-esp32-elf/8.4.0/crtend.o /home/peterglen/.espressif/tools/xtensa-esp32-elf/esp-2020r3-8.4.0/xtensa-esp32-elf/bin/../lib/gcc/xtensa-esp32-elf/8.4.0/crtn.o
COLLECT_GCC_OPTIONS='-mlongcalls' '-Wno-frame-address' '-v' '-o' 'cmTC_f31e0'
gmake[1]: Leaving directory '/akostar/esp32-s2/esp-s2code/ftm/CMakeFiles/CMakeTmp'



Parsed C implicit include dir info from above output: rv=done
  found start of include info
  found start of implicit include info
    add: [/home/peterglen/.espressif/tools/xtensa-esp32-elf/esp-2020r3-8.4.0/xtensa-esp32-elf/bin/../lib/gcc/xtensa-esp32-elf/8.4.0/include]
    add: [/home/peterglen/.espressif/tools/xtensa-esp32-elf/esp-2020r3-8.4.0/xtensa-esp32-elf/bin/../lib/gcc/xtensa-esp32-elf/8.4.0/include-fixed]
    add: [/home/peterglen/.espressif/tools/xtensa-esp32-elf/esp-2020r3-8.4.0/xtensa-esp32-elf/bin/../lib/gcc/xtensa-esp32-elf/8.4.0/../../../../xtensa-esp32-elf/sys-include]
    add: [/home/peterglen/.espressif/tools/xtensa-esp32-elf/esp-2020r3-8.4.0/xtensa-esp32-elf/bin/../lib/gcc/xtensa-esp32-elf/8.4.0/../../../../xtensa-esp32-elf/include]
  end of search list found
  collapse include dir [/home/peterglen/.espressif/tools/xtensa-esp32-elf/esp-2020r3-8.4.0/xtensa-esp32-elf/bin/../lib/gcc/xtensa-esp32-elf/8.4.0/include] ==> [/home/peterglen/.espressif/tools/xtensa-esp32-elf/esp-2020r3-8.4.0/xtensa-esp32-elf/lib/gcc/xtensa-esp32-elf/8.4.0/include]
  collapse include dir [/home/peterglen/.espressif/tools/xtensa-esp32-elf/esp-2020r3-8.4.0/xtensa-esp32-elf/bin/../lib/gcc/xtensa-esp32-elf/8.4.0/include-fixed] ==> [/home/peterglen/.espressif/tools/xtensa-esp32-elf/esp-2020r3-8.4.0/xtensa-esp32-elf/lib/gcc/xtensa-esp32-elf/8.4.0/include-fixed]
  collapse include dir [/home/peterglen/.espressif/tools/xtensa-esp32-elf/esp-2020r3-8.4.0/xtensa-esp32-elf/bin/../lib/gcc/xtensa-esp32-elf/8.4.0/../../../../xtensa-esp32-elf/sys-include] ==> [/home/peterglen/.espressif/tools/xtensa-esp32-elf/esp-2020r3-8.4.0/xtensa-esp32-elf/xtensa-esp32-elf/sys-include]
  collapse include dir [/home/peterglen/.espressif/tools/xtensa-esp32-elf/esp-2020r3-8.4.0/xtensa-esp32-elf/bin/../lib/gcc/xtensa-esp32-elf/8.4.0/../../../../xtensa-esp32-elf/include] ==> [/home/peterglen/.espressif/tools/xtensa-esp32-elf/esp-2020r3-8.4.0/xtensa-esp32-elf/xtensa-esp32-elf/include]
  implicit include dirs: [/home/peterglen/.espressif/tools/xtensa-esp32-elf/esp-2020r3-8.4.0/xtensa-esp32-elf/lib/gcc/xtensa-esp32-elf/8.4.0/include;/home/peterglen/.espressif/tools/xtensa-esp32-elf/esp-2020r3-8.4.0/xtensa-esp32-elf/lib/gcc/xtensa-esp32-elf/8.4.0/include-fixed;/home/peterglen/.espressif/tools/xtensa-esp32-elf/esp-2020r3-8.4.0/xtensa-esp32-elf/xtensa-esp32-elf/sys-include;/home/peterglen/.espressif/tools/xtensa-esp32-elf/esp-2020r3-8.4.0/xtensa-esp32-elf/xtensa-esp32-elf/include]


Parsed C implicit link information from above output:
  link line regex: [^( *|.*[/\])(xtensa-esp32-elf-ld|CMAKE_LINK_STARTFILE-NOTFOUND|([^/\]+-)?ld|collect2)[^/\]*( |$)]
  ignore line: [Change Dir: /akostar/esp32-s2/esp-s2code/ftm/CMakeFiles/CMakeTmp]
  ignore line: []
  ignore line: [Run Build Command(s):/usr/bin/gmake cmTC_f31e0/fast && /usr/bin/gmake -f CMakeFiles/cmTC_f31e0.dir/build.make CMakeFiles/cmTC_f31e0.dir/build]
  ignore line: [gmake[1]: Entering directory '/akostar/esp32-s2/esp-s2code/ftm/CMakeFiles/CMakeTmp']
  ignore line: [Building C object CMakeFiles/cmTC_f31e0.dir/CMakeCCompilerABI.c.obj]
  ignore line: [/home/peterglen/.espressif/tools/xtensa-esp32-elf/esp-2020r3-8.4.0/xtensa-esp32-elf/bin/xtensa-esp32-elf-gcc   -mlongcalls -Wno-frame-address    -v -o CMakeFiles/cmTC_f31e0.dir/CMakeCCompilerABI.c.obj   -c /usr/share/cmake-3.16/Modules/CMakeCCompilerABI.c]
  ignore line: [Using built-in specs.]
  ignore line: [COLLECT_GCC=/home/peterglen/.espressif/tools/xtensa-esp32-elf/esp-2020r3-8.4.0/xtensa-esp32-elf/bin/xtensa-esp32-elf-gcc]
  ignore line: [Target: xtensa-esp32-elf]
  ignore line: [Configured with: /builds/idf/crosstool-NG/.build/xtensa-esp32-elf/src/gcc/configure --build=x86_64-build_pc-linux-gnu --host=x86_64-build_pc-linux-gnu --target=xtensa-esp32-elf --prefix=/builds/idf/crosstool-NG/builds/xtensa-esp32-elf --with-local-prefix=/builds/idf/crosstool-NG/builds/xtensa-esp32-elf/xtensa-esp32-elf --with-headers=/builds/idf/crosstool-NG/builds/xtensa-esp32-elf/xtensa-esp32-elf/include --with-newlib --enable-threads=no --disable-shared --with-pkgversion='crosstool-NG esp-2020r3' --disable-__cxa_atexit --enable-cxx-flags=-ffunction-sections --disable-libgomp --disable-libmudflap --disable-libmpx --disable-libssp --disable-libquadmath --disable-libquadmath-support --with-gmp=/builds/idf/crosstool-NG/.build/xtensa-esp32-elf/buildtools --with-mpfr=/builds/idf/crosstool-NG/.build/xtensa-esp32-elf/buildtools --with-mpc=/builds/idf/crosstool-NG/.build/xtensa-esp32-elf/buildtools --with-isl=/builds/idf/crosstool-NG/.build/xtensa-esp32-elf/buildtools --enable-lto --enable-target-optspace --without-long-double-128 --disable-nls --enable-multiarch --enable-languages=c c++ --disable-libstdcxx-verbose --enable-threads=posix --enable-gcov-custom-rtio --enable-libstdcxx-time=yes]
  ignore line: [Thread model: posix]
  ignore line: [gcc version 8.4.0 (crosstool-NG esp-2020r3) ]
  ignore line: [COLLECT_GCC_OPTIONS='-mlongcalls' '-Wno-frame-address' '-v' '-o' 'CMakeFiles/cmTC_f31e0.dir/CMakeCCompilerABI.c.obj' '-c']
  ignore line: [ /home/peterglen/.espressif/tools/xtensa-esp32-elf/esp-2020r3-8.4.0/xtensa-esp32-elf/bin/../libexec/gcc/xtensa-esp32-elf/8.4.0/cc1 -quiet -v -iprefix /home/peterglen/.espressif/tools/xtensa-esp32-elf/esp-2020r3-8.4.0/xtensa-esp32-elf/bin/../lib/gcc/xtensa-esp32-elf/8.4.0/ /usr/share/cmake-3.16/Modules/CMakeCCompilerABI.c -quiet -dumpbase CMakeCCompilerABI.c -mlongcalls -auxbase-strip CMakeFiles/cmTC_f31e0.dir/CMakeCCompilerABI.c.obj -Wno-frame-address -version -o /tmp/cccTSCbU.s]
  ignore line: [GNU C17 (crosstool-NG esp-2020r3) version 8.4.0 (xtensa-esp32-elf)]
  ignore line: [	compiled by GNU C version 4.9.2  GMP version 6.1.2  MPFR version 4.0.1  MPC version 1.1.0  isl version isl-0.19-GMP]
  ignore line: []
  ignore line: [GGC heuristics: --param ggc-min-expand=100 --param ggc-min-heapsize=131072]
  ignore line: [ignoring duplicate directory "/home/peterglen/.espressif/tools/xtensa-esp32-elf/esp-2020r3-8.4.0/xtensa-esp32-elf/bin/../lib/gcc/../../lib/gcc/xtensa-esp32-elf/8.4.0/include"]
  ignore line: [ignoring duplicate directory "/home/peterglen/.espressif/tools/xtensa-esp32-elf/esp-2020r3-8.4.0/xtensa-esp32-elf/bin/../lib/gcc/../../lib/gcc/xtensa-esp32-elf/8.4.0/include-fixed"]
  ignore line: [ignoring duplicate directory "/home/peterglen/.espressif/tools/xtensa-esp32-elf/esp-2020r3-8.4.0/xtensa-esp32-elf/bin/../lib/gcc/../../lib/gcc/xtensa-esp32-elf/8.4.0/../../../../xtensa-esp32-elf/sys-include"]
  ignore line: [ignoring duplicate directory "/home/peterglen/.espressif/tools/xtensa-esp32-elf/esp-2020r3-8.4.0/xtensa-esp32-elf/bin/../lib/gcc/../../lib/gcc/xtensa-esp32-elf/8.4.0/../../../../xtensa-esp32-elf/include"]
  ignore line: [#include "..." search starts here:]
  ignore line: [#include <...> search starts here:]
  ignore line: [ /home/peterglen/.espressif/tools/xtensa-esp32-elf/esp-2020r3-8.4.0/xtensa-esp32-elf/bin/../lib/gcc/xtensa-esp32-elf/8.4.0/include]
  ignore line: [ /home/peterglen/.espressif/tools/xtensa-esp32-elf/esp-2020r3-8.4.0/xtensa-esp32-elf/bin/../lib/gcc/xtensa-esp32-elf/8.4.0/include-fixed]
  ignore line: [ /home/peterglen/.espressif/tools/xtensa-esp32-elf/esp-2020r3-8.4.0/xtensa-esp32-elf/bin/../lib/gcc/xtensa-esp32-elf/8.4.0/../../../../xtensa-esp32-elf/sys-include]
  ignore line: [ /home/peterglen/.espressif/tools/xtensa-esp32-elf/esp-2020r3-8.4.0/xtensa-esp32-elf/bin/../lib/gcc/xtensa-esp32-elf/8.4.0/../../../../xtensa-esp32-elf/include]
  ignore line: [End of search list.]
  ignore line: [GNU C17 (crosstool-NG esp-2020r3) version 8.4.0 (xtensa-esp32-elf)]
  ignore line: [	compiled by GNU C version 4.9.2  GMP version 6.1.2  MPFR version 4.0.1  MPC version 1.1.0  isl version isl-0.19-GMP]
  ignore line: []
  ignore line: [GGC heuristics: --param ggc-min-expand=100 --param ggc-min-heapsize=131072]
  ignore line: [Compiler executable checksum: 30a273f5c2e3bc492245d1974b5e7b3d]
  ignore line: [COLLECT_GCC_OPTIONS='-mlongcalls' '-Wno-frame-address' '-v' '-o' 'CMakeFiles/cmTC_f31e0.dir/CMakeCCompilerABI.c.obj' '-c']
  ignore line: [ /home/peterglen/.espressif/tools/xtensa-esp32-elf/esp-2020r3-8.4.0/xtensa-esp32-elf/bin/../lib/gcc/xtensa-esp32-elf/8.4.0/../../../../xtensa-esp32-elf/bin/as --traditional-format --longcalls -o CMakeFiles/cmTC_f31e0.dir/CMakeCCompilerABI.c.obj /tmp/cccTSCbU.s]
  ignore line: [COMPILER_PATH=/home/peterglen/.espressif/tools/xtensa-esp32-elf/esp-2020r3-8.4.0/xtensa-esp32-elf/bin/../libexec/gcc/xtensa-esp32-elf/8.4.0/:/home/peterglen/.espressif/tools/xtensa-esp32-elf/esp-2020r3-8.4.0/xtensa-esp32-elf/bin/../libexec/gcc/:/home/peterglen/.espressif/tools/xtensa-esp32-elf/esp-2020r3-8.4.0/xtensa-esp32-elf/bin/../lib/gcc/xtensa-esp32-elf/8.4.0/../../../../xtensa-esp32-elf/bin/]
  ignore line: [LIBRARY_PATH=/home/peterglen/.espressif/tools/xtensa-esp32-elf/esp-2020r3-8.4.0/xtensa-esp32-elf/bin/../lib/gcc/xtensa-esp32-elf/8.4.0/:/home/peterglen/.espressif/tools/xtensa-esp32-elf/esp-2020r3-8.4.0/xtensa-esp32-elf/bin/../lib/gcc/:/home/peterglen/.espressif/tools/xtensa-esp32-elf/esp-2020r3-8.4.0/xtensa-esp32-elf/bin/../lib/gcc/xtensa-esp32-elf/8.4.0/../../../../xtensa-esp32-elf/lib/]
  ignore line: [COLLECT_GCC_OPTIONS='-mlongcalls' '-Wno-frame-address' '-v' '-o' 'CMakeFiles/cmTC_f31e0.dir/CMakeCCompilerABI.c.obj' '-c']
  ignore line: [Linking C executable cmTC_f31e0]
  ignore line: [/usr/bin/cmake -E cmake_link_script CMakeFiles/cmTC_f31e0.dir/link.txt --verbose=1]
  ignore line: [/home/peterglen/.espressif/tools/xtensa-esp32-elf/esp-2020r3-8.4.0/xtensa-esp32-elf/bin/xtensa-esp32-elf-gcc -mlongcalls -Wno-frame-address    -v CMakeFiles/cmTC_f31e0.dir/CMakeCCompilerABI.c.obj  -o cmTC_f31e0 ]
  ignore line: [Using built-in specs.]
  ignore line: [COLLECT_GCC=/home/peterglen/.espressif/tools/xtensa-esp32-elf/esp-2020r3-8.4.0/xtensa-esp32-elf/bin/xtensa-esp32-elf-gcc]
  ignore line: [COLLECT_LTO_WRAPPER=/home/peterglen/.espressif/tools/xtensa-esp32-elf/esp-2020r3-8.4.0/xtensa-esp32-elf/bin/../libexec/gcc/xtensa-esp32-elf/8.4.0/lto-wrapper]
  ignore line: [Target: xtensa-esp32-elf]
  ignore line: [Configured with: /builds/idf/crosstool-NG/.build/xtensa-esp32-elf/src/gcc/configure --build=x86_64-build_pc-linux-gnu --host=x86_64-build_pc-linux-gnu --target=xtensa-esp32-elf --prefix=/builds/idf/crosstool-NG/builds/xtensa-esp32-elf --with-local-prefix=/builds/idf/crosstool-NG/builds/xtensa-esp32-elf/xtensa-esp32-elf --with-headers=/builds/idf/crosstool-NG/builds/xtensa-esp32-elf/xtensa-esp32-elf/include --with-newlib --enable-threads=no --disable-shared --with-pkgversion='crosstool-NG esp-2020r3' --disable-__cxa_atexit --enable-cxx-flags=-ffunction-sections --disable-libgomp --disable-libmudflap --disable-libmpx --disable-libssp --disable-libquadmath --disable-libquadmath-support --with-gmp=/builds/idf/crosstool-NG/.build/xtensa-esp32-elf/buildtools --with-mpfr=/builds/idf/crosstool-NG/.build/xtensa-esp32-elf/buildtools --with-mpc=/builds/idf/crosstool-NG/.build/xtensa-esp32-elf/buildtools --with-isl=/builds/idf/crosstool-NG/.build/xtensa-esp32-elf/buildtools --enable-lto --enable-target-optspace --without-long-double-128 --disable-nls --enable-multiarch --enable-languages=c c++ --disable-libstdcxx-verbose --enable-threads=posix --enable-gcov-custom-rtio --enable-libstdcxx-time=yes]
  ignore line: [Thread model: posix]
  ignore line: [gcc version 8.4.0 (crosstool-NG esp-2020r3) ]
  ignore line: [COMPILER_PATH=/home/peterglen/.espressif/tools/xtensa-esp32-elf/esp-2020r3-8.4.0/xtensa-esp32-elf/bin/../libexec/gcc/xtensa-esp32-elf/8.4.0/:/home/peterglen/.espressif/tools/xtensa-esp32-elf/esp-2020r3-8.4.0/xtensa-esp32-elf/bin/../libexec/gcc/:/home/peterglen/.espressif/tools/xtensa-esp32-elf/esp-2020r3-8.4.0/xtensa-esp32-elf/bin/../lib/gcc/xtensa-esp32-elf/8.4.0/../../../../xtensa-esp32-elf/bin/]
  ignore line: [LIBRARY_PATH=/home/peterglen/.espressif/tools/xtensa-esp32-elf/esp-2020r3-8.4.0/xtensa-esp32-elf/bin/../lib/gcc/xtensa-esp32-elf/8.4.0/:/home/peterglen/.espressif/tools/xtensa-esp32-elf/esp-2020r3-8.4.0/xtensa-esp32-elf/bin/../lib/gcc/:/home/peterglen/.espressif/tools/xtensa-esp32-elf/esp-2020r3-8.4.0/xtensa-esp32-elf/bin/../lib/gcc/xtensa-esp32-elf/8.4.0/../../../../xtensa-esp32-elf/lib/]
  ignore line: [COLLECT_GCC_OPTIONS='-mlongcalls' '-Wno-frame-address' '-v' '-o' 'cmTC_f31e0']
  link line: [ /home/peterglen/.espressif/tools/xtensa-esp32-elf/esp-2020r3-8.4.0/xtensa-esp32-elf/bin/../libexec/gcc/xtensa-esp32-elf/8.4.0/collect2 -plugin /home/peterglen/.espressif/tools/xtensa-esp32-elf/esp-2020r3-8.4.0/xtensa-esp32-elf/bin/../libexec/gcc/xtensa-esp32-elf/8.4.0/liblto_plugin.so -plugin-opt=/home/peterglen/.espressif/tools/xtensa-esp32-elf/esp-2020r3-8.4.0/xtensa-esp32-elf/bin/../libexec/gcc/xtensa-esp32-elf/8.4.0/lto-wrapper -plugin-opt=-fresolution=/tmp/ccBnbONm.res -plugin-opt=-pass-through=-lgcc -plugin-opt=-pass-through=-lc -plugin-opt=-pass-through=-lnosys -plugin-opt=-pass-through=-lc -plugin-opt=-pass-through=-lgcc -o cmTC_f31e0 /home/peterglen/.espressif/tools/xtensa-esp32-elf/esp-2020r3-8.4.0/xtensa-esp32-elf/bin/../lib/gcc/xtensa-esp32-elf/8.4.0/../../../../xtensa-esp32-elf/lib/crt0.o /home/peterglen/.espressif/tools/xtensa-esp32-elf/esp-2020r3-8.4.0/xtensa-esp32-elf/bin/../lib/gcc/xtensa-esp32-elf/8.4.0/crti.o /home/peterglen/.espressif/tools/xtensa-esp32-elf/esp-2020r3-8.4.0/xtensa-esp32-elf/bin/../lib/gcc/xtensa-esp32-elf/8.4.0/crtbegin.o -L/home/peterglen/.espressif/tools/xtensa-esp32-elf/esp-2020r3-8.4.0/xtensa-esp32-elf/bin/../lib/gcc/xtensa-esp32-elf/8.4.0 -L/home/peterglen/.espressif/tools/xtensa-esp32-elf/esp-2020r3-8.4.0/xtensa-esp32-elf/bin/../lib/gcc -L/home/peterglen/.espressif/tools/xtensa-esp32-elf/esp-2020r3-8.4.0/xtensa-esp32-elf/bin/../lib/gcc/xtensa-esp32-elf/8.4.0/../../../../xtensa-esp32-elf/lib CMakeFiles/cmTC_f31e0.dir/CMakeCCompilerABI.c.obj -lgcc -lc -lnosys -lc -lgcc /home/peterglen/.espressif/tools/xtensa-esp32-elf/esp-2020r3-8.4.0/xtensa-esp32-elf/bin/../lib/gcc/xtensa-esp32-elf/8.4.0/crtend.o /home/peterglen/.espressif/tools/xtensa-esp32-elf/esp-2020r3-8.4.0/xtensa-esp32-elf/bin/../lib/gcc/xtensa-esp32-elf/8.4.0/crtn.o]
    arg [/home/peterglen/.espressif/tools/xtensa-esp32-elf/esp-2020r3-8.4.0/xtensa-esp32-elf/bin/../libexec/gcc/xtensa-esp32-elf/8.4.0/collect2] ==> ignore
    arg [-plugin] ==> ignore
    arg [/home/peterglen/.espressif/tools/xtensa-esp32-elf/esp-2020r3-8.4.0/xtensa-esp32-elf/bin/../libexec/gcc/xtensa-esp32-elf/8.4.0/liblto_plugin.so] ==> ignore
    arg [-plugin-opt=/home/peterglen/.espressif/tools/xtensa-esp32-elf/esp-2020r3-8.4.0/xtensa-esp32-elf/bin/../libexec/gcc/xtensa-esp32-elf/8.4.0/lto-wrapper] ==> ignore
    arg [-plugin-opt=-fresolution=/tmp/ccBnbONm.res] ==> ignore
    arg [-plugin-opt=-pass-through=-lgcc] ==> ignore
    arg [-plugin-opt=-pass-through=-lc] ==> ignore
    arg [-plugin-opt=-pass-through=-lnosys] ==> ignore
    arg [-plugin-opt=-pass-through=-lc] ==> ignore
    arg [-plugin-opt=-pass-through=-lgcc] ==> ignore
    arg [-o] ==> ignore
    arg [cmTC_f31e0] ==> ignore
    arg [/home/peterglen/.espressif/tools/xtensa-esp32-elf/esp-2020r3-8.4.0/xtensa-esp32-elf/bin/../lib/gcc/xtensa-esp32-elf/8.4.0/../../../../xtensa-esp32-elf/lib/crt0.o] ==> ignore
    arg [/home/peterglen/.espressif/tools/xtensa-esp32-elf/esp-2020r3-8.4.0/xtensa-esp32-elf/bin/../lib/gcc/xtensa-esp32-elf/8.4.0/crti.o] ==> ignore
    arg [/home/peterglen/.espressif/tools/xtensa-esp32-elf/esp-2020r3-8.4.0/xtensa-esp32-elf/bin/../lib/gcc/xtensa-esp32-elf/8.4.0/crtbegin.o] ==> ignore
    arg [-L/home/peterglen/.espressif/tools/xtensa-esp32-elf/esp-2020r3-8.4.0/xtensa-esp32-elf/bin/../lib/gcc/xtensa-esp32-elf/8.4.0] ==> dir [/home/peterglen/.espressif/tools/xtensa-esp32-elf/esp-2020r3-8.4.0/xtensa-esp32-elf/bin/../lib/gcc/xtensa-esp32-elf/8.4.0]
    arg [-L/home/peterglen/.espressif/tools/xtensa-esp32-elf/esp-2020r3-8.4.0/xtensa-esp32-elf/bin/../lib/gcc] ==> dir [/home/peterglen/.espressif/tools/xtensa-esp32-elf/esp-2020r3-8.4.0/xtensa-esp32-elf/bin/../lib/gcc]
    arg [-L/home/peterglen/.espressif/tools/xtensa-esp32-elf/esp-2020r3-8.4.0/xtensa-esp32-elf/bin/../lib/gcc/xtensa-esp32-elf/8.4.0/../../../../xtensa-esp32-elf/lib] ==> dir [/home/peterglen/.espressif/tools/xtensa-esp32-elf/esp-2020r3-8.4.0/xtensa-esp32-elf/bin/../lib/gcc/xtensa-esp32-elf/8.4.0/../../../../xtensa-esp32-elf/lib]
    arg [CMakeFiles/cmTC_f31e0.dir/CMakeCCompilerABI.c.obj] ==> ignore
    arg [-lgcc] ==> lib [gcc]
    arg [-lc] ==> lib [c]
    arg [-lnosys] ==> lib [nosys]
    arg [-lc] ==> lib [c]
    arg [-lgcc] ==> lib [gcc]
    arg [/home/peterglen/.espressif/tools/xtensa-esp32-elf/esp-2020r3-8.4.0/xtensa-esp32-elf/bin/../lib/gcc/xtensa-esp32-elf/8.4.0/crtend.o] ==> ignore
    arg [/home/peterglen/.espressif/tools/xtensa-esp32-elf/esp-2020r3-8.4.0/xtensa-esp32-elf/bin/../lib/gcc/xtensa-esp32-elf/8.4.0/crtn.o] ==> ignore
  collapse library dir [/home/peterglen/.espressif/tools/xtensa-esp32-elf/esp-2020r3-8.4.0/xtensa-esp32-elf/bin/../lib/gcc/xtensa-esp32-elf/8.4.0] ==> [/home/peterglen/.espressif/tools/xtensa-esp32-elf/esp-2020r3-8.4.0/xtensa-esp32-elf/lib/gcc/xtensa-esp32-elf/8.4.0]
  collapse library dir [/home/peterglen/.espressif/tools/xtensa-esp32-elf/esp-2020r3-8.4.0/xtensa-esp32-elf/bin/../lib/gcc] ==> [/home/peterglen/.espressif/tools/xtensa-esp32-elf/esp-2020r3-8.4.0/xtensa-esp32-elf/lib/gcc]
  collapse library dir [/home/peterglen/.espressif/tools/xtensa-esp32-elf/esp-2020r3-8.4.0/xtensa-esp32-elf/bin/../lib/gcc/xtensa-esp32-elf/8.4.0/../../../../xtensa-esp32-elf/lib] ==> [/home/peterglen/.espressif/tools/xtensa-esp32-elf/esp-2020r3-8.4.0/xtensa-esp32-elf/xtensa-esp32-elf/lib]
  implicit libs: [gcc;c;nosys;c;gcc]
  implicit dirs: [/home/peterglen/.espressif/tools/xtensa-esp32-elf/esp-2020r3-8.4.0/xtensa-esp32-elf/lib/gcc/xtensa-esp32-elf/8.4.0;/home/peterglen/.espressif/tools/xtensa-esp32-elf/esp-2020r3-8.4.0/xtensa-esp32-elf/lib/gcc;/home/peterglen/.espressif/tools/xtensa-esp32-elf/esp-2020r3-8.4.0/xtensa-esp32-elf/xtensa-esp32-elf/lib]
  implicit fwks: []


Determining if the CXX compiler works passed with the following output:
Change Dir: /akostar/esp32-s2/esp-s2code/ftm/CMakeFiles/CMakeTmp

Run Build Command(s):/usr/bin/gmake cmTC_61a82/fast && /usr/bin/gmake -f CMakeFiles/cmTC_61a82.dir/build.make CMakeFiles/cmTC_61a82.dir/build
gmake[1]: Entering directory '/akostar/esp32-s2/esp-s2code/ftm/CMakeFiles/CMakeTmp'
Building CXX object CMakeFiles/cmTC_61a82.dir/testCXXCompiler.cxx.obj
/home/peterglen/.espressif/tools/xtensa-esp32-elf/esp-2020r3-8.4.0/xtensa-esp32-elf/bin/xtensa-esp32-elf-g++    -mlongcalls -Wno-frame-address    -o CMakeFiles/cmTC_61a82.dir/testCXXCompiler.cxx.obj -c /akostar/esp32-s2/esp-s2code/ftm/CMakeFiles/CMakeTmp/testCXXCompiler.cxx
Linking CXX executable cmTC_61a82
/usr/bin/cmake -E cmake_link_script CMakeFiles/cmTC_61a82.dir/link.txt --verbose=1
/home/peterglen/.espressif/tools/xtensa-esp32-elf/esp-2020r3-8.4.0/xtensa-esp32-elf/bin/xtensa-esp32-elf-g++  -mlongcalls -Wno-frame-address     CMakeFiles/cmTC_61a82.dir/testCXXCompiler.cxx.obj  -o cmTC_61a82 
gmake[1]: Leaving directory '/akostar/esp32-s2/esp-s2code/ftm/CMakeFiles/CMakeTmp'



Detecting CXX compiler ABI info compiled with the following output:
Change Dir: /akostar/esp32-s2/esp-s2code/ftm/CMakeFiles/CMakeTmp

Run Build Command(s):/usr/bin/gmake cmTC_1b0a1/fast && /usr/bin/gmake -f CMakeFiles/cmTC_1b0a1.dir/build.make CMakeFiles/cmTC_1b0a1.dir/build
gmake[1]: Entering directory '/akostar/esp32-s2/esp-s2code/ftm/CMakeFiles/CMakeTmp'
Building CXX object CMakeFiles/cmTC_1b0a1.dir/CMakeCXXCompilerABI.cpp.obj
/home/peterglen/.espressif/tools/xtensa-esp32-elf/esp-2020r3-8.4.0/xtensa-esp32-elf/bin/xtensa-esp32-elf-g++    -mlongcalls -Wno-frame-address    -v -o CMakeFiles/cmTC_1b0a1.dir/CMakeCXXCompilerABI.cpp.obj -c /usr/share/cmake-3.16/Modules/CMakeCXXCompilerABI.cpp
Using built-in specs.
COLLECT_GCC=/home/peterglen/.espressif/tools/xtensa-esp32-elf/esp-2020r3-8.4.0/xtensa-esp32-elf/bin/xtensa-esp32-elf-g++
Target: xtensa-esp32-elf
Configured with: /builds/idf/crosstool-NG/.build/xtensa-esp32-elf/src/gcc/configure --build=x86_64-build_pc-linux-gnu --host=x86_64-build_pc-linux-gnu --target=xtensa-esp32-elf --prefix=/builds/idf/crosstool-NG/builds/xtensa-esp32-elf --with-local-prefix=/builds/idf/crosstool-NG/builds/xtensa-esp32-elf/xtensa-esp32-elf --with-headers=/builds/idf/crosstool-NG/builds/xtensa-esp32-elf/xtensa-esp32-elf/include --with-newlib --enable-threads=no --disable-shared --with-pkgversion='crosstool-NG esp-2020r3' --disable-__cxa_atexit --enable-cxx-flags=-ffunction-sections --disable-libgomp --disable-libmudflap --disable-libmpx --disable-libssp --disable-libquadmath --disable-libquadmath-support --with-gmp=/builds/idf/crosstool-NG/.build/xtensa-esp32-elf/buildtools --with-mpfr=/builds/idf/crosstool-NG/.build/xtensa-esp32-elf/buildtools --with-mpc=/builds/idf/crosstool-NG/.build/xtensa-esp32-elf/buildtools --with-isl=/builds/idf/crosstool-NG/.build/xtensa-esp32-elf/buildtools --enable-lto --enable-target-optspace --without-long-double-128 --disable-nls --enable-multiarch --enable-languages=c,c++ --disable-libstdcxx-verbose --enable-threads=posix --enable-gcov-custom-rtio --enable-libstdcxx-time=yes
Thread model: posix
gcc version 8.4.0 (crosstool-NG esp-2020r3) 
COLLECT_GCC_OPTIONS='-mlongcalls' '-Wno-frame-address' '-v' '-o' 'CMakeFiles/cmTC_1b0a1.dir/CMakeCXXCompilerABI.cpp.obj' '-c'
 /home/peterglen/.espressif/tools/xtensa-esp32-elf/esp-2020r3-8.4.0/xtensa-esp32-elf/bin/../libexec/gcc/xtensa-esp32-elf/8.4.0/cc1plus -quiet -v -iprefix /home/peterglen/.espressif/tools/xtensa-esp32-elf/esp-2020r3-8.4.0/xtensa-esp32-elf/bin/../lib/gcc/xtensa-esp32-elf/8.4.0/ /usr/share/cmake-3.16/Modules/CMakeCXXCompilerABI.cpp -quiet -dumpbase CMakeCXXCompilerABI.cpp -mlongcalls -auxbase-strip CMakeFiles/cmTC_1b0a1.dir/CMakeCXXCompilerABI.cpp.obj -Wno-frame-address -version -o /tmp/ccXI9YJR.s
GNU C++14 (crosstool-NG esp-2020r3) version 8.4.0 (xtensa-esp32-elf)
	compiled by GNU C version 4.9.2, GMP version 6.1.2, MPFR version 4.0.1, MPC version 1.1.0, isl version isl-0.19-GMP

GGC heuristics: --param ggc-min-expand=100 --param ggc-min-heapsize=131072
ignoring duplicate directory "/home/peterglen/.espressif/tools/xtensa-esp32-elf/esp-2020r3-8.4.0/xtensa-esp32-elf/bin/../lib/gcc/../../lib/gcc/xtensa-esp32-elf/8.4.0/../../../../xtensa-esp32-elf/include/c++/8.4.0"
ignoring duplicate directory "/home/peterglen/.espressif/tools/xtensa-esp32-elf/esp-2020r3-8.4.0/xtensa-esp32-elf/bin/../lib/gcc/../../lib/gcc/xtensa-esp32-elf/8.4.0/../../../../xtensa-esp32-elf/include/c++/8.4.0/xtensa-esp32-elf"
ignoring duplicate directory "/home/peterglen/.espressif/tools/xtensa-esp32-elf/esp-2020r3-8.4.0/xtensa-esp32-elf/bin/../lib/gcc/../../lib/gcc/xtensa-esp32-elf/8.4.0/../../../../xtensa-esp32-elf/include/c++/8.4.0/backward"
ignoring duplicate directory "/home/peterglen/.espressif/tools/xtensa-esp32-elf/esp-2020r3-8.4.0/xtensa-esp32-elf/bin/../lib/gcc/../../lib/gcc/xtensa-esp32-elf/8.4.0/include"
ignoring duplicate directory "/home/peterglen/.espressif/tools/xtensa-esp32-elf/esp-2020r3-8.4.0/xtensa-esp32-elf/bin/../lib/gcc/../../lib/gcc/xtensa-esp32-elf/8.4.0/include-fixed"
ignoring duplicate directory "/home/peterglen/.espressif/tools/xtensa-esp32-elf/esp-2020r3-8.4.0/xtensa-esp32-elf/bin/../lib/gcc/../../lib/gcc/xtensa-esp32-elf/8.4.0/../../../../xtensa-esp32-elf/sys-include"
ignoring duplicate directory "/home/peterglen/.espressif/tools/xtensa-esp32-elf/esp-2020r3-8.4.0/xtensa-esp32-elf/bin/../lib/gcc/../../lib/gcc/xtensa-esp32-elf/8.4.0/../../../../xtensa-esp32-elf/include"
#include "..." search starts here:
#include <...> search starts here:
 /home/peterglen/.espressif/tools/xtensa-esp32-elf/esp-2020r3-8.4.0/xtensa-esp32-elf/bin/../lib/gcc/xtensa-esp32-elf/8.4.0/../../../../xtensa-esp32-elf/include/c++/8.4.0
 /home/peterglen/.espressif/tools/xtensa-esp32-elf/esp-2020r3-8.4.0/xtensa-esp32-elf/bin/../lib/gcc/xtensa-esp32-elf/8.4.0/../../../../xtensa-esp32-elf/include/c++/8.4.0/xtensa-esp32-elf
 /home/peterglen/.espressif/tools/xtensa-esp32-elf/esp-2020r3-8.4.0/xtensa-esp32-elf/bin/../lib/gcc/xtensa-esp32-elf/8.4.0/../../../../xtensa-esp32-elf/include/c++/8.4.0/backward
 /home/peterglen/.espressif/tools/xtensa-esp32-elf/esp-2020r3-8.4.0/xtensa-esp32-elf/bin/../lib/gcc/xtensa-esp32-elf/8.4.0/include
 /home/peterglen/.espressif/tools/xtensa-esp32-elf/esp-2020r3-8.4.0/xtensa-esp32-elf/bin/../lib/gcc/xtensa-esp32-elf/8.4.0/include-fixed
 /home/peterglen/.espressif/tools/xtensa-esp32-elf/esp-2020r3-8.4.0/xtensa-esp32-elf/bin/../lib/gcc/xtensa-esp32-elf/8.4.0/../../../../xtensa-esp32-elf/sys-include
 /home/peterglen/.espressif/tools/xtensa-esp32-elf/esp-2020r3-8.4.0/xtensa-esp32-elf/bin/../lib/gcc/xtensa-esp32-elf/8.4.0/../../../../xtensa-esp32-elf/include
End of search list.
GNU C++14 (crosstool-NG esp-2020r3) version 8.4.0 (xtensa-esp32-elf)
	compiled by GNU C version 4.9.2, GMP version 6.1.2, MPFR version 4.0.1, MPC version 1.1.0, isl version isl-0.19-GMP

GGC heuristics: --param ggc-min-expand=100 --param ggc-min-heapsize=131072
Compiler executable checksum: 8d3d7cf4a9615fb0943a530e8219815c
COLLECT_GCC_OPTIONS='-mlongcalls' '-Wno-frame-address' '-v' '-o' 'CMakeFiles/cmTC_1b0a1.dir/CMakeCXXCompilerABI.cpp.obj' '-c'
 /home/peterglen/.espressif/tools/xtensa-esp32-elf/esp-2020r3-8.4.0/xtensa-esp32-elf/bin/../lib/gcc/xtensa-esp32-elf/8.4.0/../../../../xtensa-esp32-elf/bin/as --traditional-format --longcalls -o CMakeFiles/cmTC_1b0a1.dir/CMakeCXXCompilerABI.cpp.obj /tmp/ccXI9YJR.s
COMPILER_PATH=/home/peterglen/.espressif/tools/xtensa-esp32-elf/esp-2020r3-8.4.0/xtensa-esp32-elf/bin/../libexec/gcc/xtensa-esp32-elf/8.4.0/:/home/peterglen/.espressif/tools/xtensa-esp32-elf/esp-2020r3-8.4.0/xtensa-esp32-elf/bin/../libexec/gcc/:/home/peterglen/.espressif/tools/xtensa-esp32-elf/esp-2020r3-8.4.0/xtensa-esp32-elf/bin/../lib/gcc/xtensa-esp32-elf/8.4.0/../../../../xtensa-esp32-elf/bin/
LIBRARY_PATH=/home/peterglen/.espressif/tools/xtensa-esp32-elf/esp-2020r3-8.4.0/xtensa-esp32-elf/bin/../lib/gcc/xtensa-esp32-elf/8.4.0/:/home/peterglen/.espressif/tools/xtensa-esp32-elf/esp-2020r3-8.4.0/xtensa-esp32-elf/bin/../lib/gcc/:/home/peterglen/.espressif/tools/xtensa-esp32-elf/esp-2020r3-8.4.0/xtensa-esp32-elf/bin/../lib/gcc/xtensa-esp32-elf/8.4.0/../../../../xtensa-esp32-elf/lib/
COLLECT_GCC_OPTIONS='-mlongcalls' '-Wno-frame-address' '-v' '-o' 'CMakeFiles/cmTC_1b0a1.dir/CMakeCXXCompilerABI.cpp.obj' '-c'
Linking CXX executable cmTC_1b0a1
/usr/bin/cmake -E cmake_link_script CMakeFiles/cmTC_1b0a1.dir/link.txt --verbose=1
/home/peterglen/.espressif/tools/xtensa-esp32-elf/esp-2020r3-8.4.0/xtensa-esp32-elf/bin/xtensa-esp32-elf-g++  -mlongcalls -Wno-frame-address    -v CMakeFiles/cmTC_1b0a1.dir/CMakeCXXCompilerABI.cpp.obj  -o cmTC_1b0a1 
Using built-in specs.
COLLECT_GCC=/home/peterglen/.espressif/tools/xtensa-esp32-elf/esp-2020r3-8.4.0/xtensa-esp32-elf/bin/xtensa-esp32-elf-g++
COLLECT_LTO_WRAPPER=/home/peterglen/.espressif/tools/xtensa-esp32-elf/esp-2020r3-8.4.0/xtensa-esp32-elf/bin/../libexec/gcc/xtensa-esp32-elf/8.4.0/lto-wrapper
Target: xtensa-esp32-elf
Configured with: /builds/idf/crosstool-NG/.build/xtensa-esp32-elf/src/gcc/configure --build=x86_64-build_pc-linux-gnu --host=x86_64-build_pc-linux-gnu --target=xtensa-esp32-elf --prefix=/builds/idf/crosstool-NG/builds/xtensa-esp32-elf --with-local-prefix=/builds/idf/crosstool-NG/builds/xtensa-esp32-elf/xtensa-esp32-elf --with-headers=/builds/idf/crosstool-NG/builds/xtensa-esp32-elf/xtensa-esp32-elf/include --with-newlib --enable-threads=no --disable-shared --with-pkgversion='crosstool-NG esp-2020r3' --disable-__cxa_atexit --enable-cxx-flags=-ffunction-sections --disable-libgomp --disable-libmudflap --disable-libmpx --disable-libssp --disable-libquadmath --disable-libquadmath-support --with-gmp=/builds/idf/crosstool-NG/.build/xtensa-esp32-elf/buildtools --with-mpfr=/builds/idf/crosstool-NG/.build/xtensa-esp32-elf/buildtools --with-mpc=/builds/idf/crosstool-NG/.build/xtensa-esp32-elf/buildtools --with-isl=/builds/idf/crosstool-NG/.build/xtensa-esp32-elf/buildtools --enable-lto --enable-target-optspace --without-long-double-128 --disable-nls --enable-multiarch --enable-languages=c,c++ --disable-libstdcxx-verbose --enable-threads=posix --enable-gcov-custom-rtio --enable-libstdcxx-time=yes
Thread model: posix
gcc version 8.4.0 (crosstool-NG esp-2020r3) 
COMPILER_PATH=/home/peterglen/.espressif/tools/xtensa-esp32-elf/esp-2020r3-8.4.0/xtensa-esp32-elf/bin/../libexec/gcc/xtensa-esp32-elf/8.4.0/:/home/peterglen/.espressif/tools/xtensa-esp32-elf/esp-2020r3-8.4.0/xtensa-esp32-elf/bin/../libexec/gcc/:/home/peterglen/.espressif/tools/xtensa-esp32-elf/esp-2020r3-8.4.0/xtensa-esp32-elf/bin/../lib/gcc/xtensa-esp32-elf/8.4.0/../../../../xtensa-esp32-elf/bin/
LIBRARY_PATH=/home/peterglen/.espressif/tools/xtensa-esp32-elf/esp-2020r3-8.4.0/xtensa-esp32-elf/bin/../lib/gcc/xtensa-esp32-elf/8.4.0/:/home/peterglen/.espressif/tools/xtensa-esp32-elf/esp-2020r3-8.4.0/xtensa-esp32-elf/bin/../lib/gcc/:/home/peterglen/.espressif/tools/xtensa-esp32-elf/esp-2020r3-8.4.0/xtensa-esp32-elf/bin/../lib/gcc/xtensa-esp32-elf/8.4.0/../../../../xtensa-esp32-elf/lib/
COLLECT_GCC_OPTIONS='-mlongcalls' '-Wno-frame-address' '-v' '-o' 'cmTC_1b0a1'
 /home/peterglen/.espressif/tools/xtensa-esp32-elf/esp-2020r3-8.4.0/xtensa-esp32-elf/bin/../libexec/gcc/xtensa-esp32-elf/8.4.0/collect2 -plugin /home/peterglen/.espressif/tools/xtensa-esp32-elf/esp-2020r3-8.4.0/xtensa-esp32-elf/bin/../libexec/gcc/xtensa-esp32-elf/8.4.0/liblto_plugin.so -plugin-opt=/home/peterglen/.espressif/tools/xtensa-esp32-elf/esp-2020r3-8.4.0/xtensa-esp32-elf/bin/../libexec/gcc/xtensa-esp32-elf/8.4.0/lto-wrapper -plugin-opt=-fresolution=/tmp/ccFJ6V6k.res -plugin-opt=-pass-through=-lgcc -plugin-opt=-pass-through=-lc -plugin-opt=-pass-through=-lnosys -plugin-opt=-pass-through=-lc -plugin-opt=-pass-through=-lgcc -o cmTC_1b0a1 /home/peterglen/.espressif/tools/xtensa-esp32-elf/esp-2020r3-8.4.0/xtensa-esp32-elf/bin/../lib/gcc/xtensa-esp32-elf/8.4.0/../../../../xtensa-esp32-elf/lib/crt0.o /home/peterglen/.espressif/tools/xtensa-esp32-elf/esp-2020r3-8.4.0/xtensa-esp32-elf/bin/../lib/gcc/xtensa-esp32-elf/8.4.0/crti.o /home/peterglen/.espressif/tools/xtensa-esp32-elf/esp-2020r3-8.4.0/xtensa-esp32-elf/bin/../lib/gcc/xtensa-esp32-elf/8.4.0/crtbegin.o -L/home/peterglen/.espressif/tools/xtensa-esp32-elf/esp-2020r3-8.4.0/xtensa-esp32-elf/bin/../lib/gcc/xtensa-esp32-elf/8.4.0 -L/home/peterglen/.espressif/tools/xtensa-esp32-elf/esp-2020r3-8.4.0/xtensa-esp32-elf/bin/../lib/gcc -L/home/peterglen/.espressif/tools/xtensa-esp32-elf/esp-2020r3-8.4.0/xtensa-esp32-elf/bin/../lib/gcc/xtensa-esp32-elf/8.4.0/../../../../xtensa-esp32-elf/lib CMakeFiles/cmTC_1b0a1.dir/CMakeCXXCompilerABI.cpp.obj -lstdc++ -lm -lgcc -lc -lnosys -lc -lgcc /home/peterglen/.espressif/tools/xtensa-esp32-elf/esp-2020r3-8.4.0/xtensa-esp32-elf/bin/../lib/gcc/xtensa-esp32-elf/8.4.0/crtend.o /home/peterglen/.espressif/tools/xtensa-esp32-elf/esp-2020r3-8.4.0/xtensa-esp32-elf/bin/../lib/gcc/xtensa-esp32-elf/8.4.0/crtn.o
COLLECT_GCC_OPTIONS='-mlongcalls' '-Wno-frame-address' '-v' '-o' 'cmTC_1b0a1'
gmake[1]: Leaving directory '/akostar/esp32-s2/esp-s2code/ftm/CMakeFiles/CMakeTmp'



Parsed CXX implicit include dir info from above output: rv=done
  found start of include info
  found start of implicit include info
    add: [/home/peterglen/.espressif/tools/xtensa-esp32-elf/esp-2020r3-8.4.0/xtensa-esp32-elf/bin/../lib/gcc/xtensa-esp32-elf/8.4.0/../../../../xtensa-esp32-elf/include/c++/8.4.0]
    add: [/home/peterglen/.espressif/tools/xtensa-esp32-elf/esp-2020r3-8.4.0/xtensa-esp32-elf/bin/../lib/gcc/xtensa-esp32-elf/8.4.0/../../../../xtensa-esp32-elf/include/c++/8.4.0/xtensa-esp32-elf]
    add: [/home/peterglen/.espressif/tools/xtensa-esp32-elf/esp-2020r3-8.4.0/xtensa-esp32-elf/bin/../lib/gcc/xtensa-esp32-elf/8.4.0/../../../../xtensa-esp32-elf/include/c++/8.4.0/backward]
    add: [/home/peterglen/.espressif/tools/xtensa-esp32-elf/esp-2020r3-8.4.0/xtensa-esp32-elf/bin/../lib/gcc/xtensa-esp32-elf/8.4.0/include]
    add: [/home/peterglen/.espressif/tools/xtensa-esp32-elf/esp-2020r3-8.4.0/xtensa-esp32-elf/bin/../lib/gcc/xtensa-esp32-elf/8.4.0/include-fixed]
    add: [/home/peterglen/.espressif/tools/xtensa-esp32-elf/esp-2020r3-8.4.0/xtensa-esp32-elf/bin/../lib/gcc/xtensa-esp32-elf/8.4.0/../../../../xtensa-esp32-elf/sys-include]
    add: [/home/peterglen/.espressif/tools/xtensa-esp32-elf/esp-2020r3-8.4.0/xtensa-esp32-elf/bin/../lib/gcc/xtensa-esp32-elf/8.4.0/../../../../xtensa-esp32-elf/include]
  end of search list found
  collapse include dir [/home/peterglen/.espressif/tools/xtensa-esp32-elf/esp-2020r3-8.4.0/xtensa-esp32-elf/bin/../lib/gcc/xtensa-esp32-elf/8.4.0/../../../../xtensa-esp32-elf/include/c++/8.4.0] ==> [/home/peterglen/.espressif/tools/xtensa-esp32-elf/esp-2020r3-8.4.0/xtensa-esp32-elf/xtensa-esp32-elf/include/c++/8.4.0]
  collapse include dir [/home/peterglen/.espressif/tools/xtensa-esp32-elf/esp-2020r3-8.4.0/xtensa-esp32-elf/bin/../lib/gcc/xtensa-esp32-elf/8.4.0/../../../../xtensa-esp32-elf/include/c++/8.4.0/xtensa-esp32-elf] ==> [/home/peterglen/.espressif/tools/xtensa-esp32-elf/esp-2020r3-8.4.0/xtensa-esp32-elf/xtensa-esp32-elf/include/c++/8.4.0/xtensa-esp32-elf]
  collapse include dir [/home/peterglen/.espressif/tools/xtensa-esp32-elf/esp-2020r3-8.4.0/xtensa-esp32-elf/bin/../lib/gcc/xtensa-esp32-elf/8.4.0/../../../../xtensa-esp32-elf/include/c++/8.4.0/backward] ==> [/home/peterglen/.espressif/tools/xtensa-esp32-elf/esp-2020r3-8.4.0/xtensa-esp32-elf/xtensa-esp32-elf/include/c++/8.4.0/backward]
  collapse include dir [/home/peterglen/.espressif/tools/xtensa-esp32-elf/esp-2020r3-8.4.0/xtensa-esp32-elf/bin/../lib/gcc/xtensa-esp32-elf/8.4.0/include] ==> [/home/peterglen/.espressif/tools/xtensa-esp32-elf/esp-2020r3-8.4.0/xtensa-esp32-elf/lib/gcc/xtensa-esp32-elf/8.4.0/include]
  collapse include dir [/home/peterglen/.espressif/tools/xtensa-esp32-elf/esp-2020r3-8.4.0/xtensa-esp32-elf/bin/../lib/gcc/xtensa-esp32-elf/8.4.0/include-fixed] ==> [/home/peterglen/.espressif/tools/xtensa-esp32-elf/esp-2020r3-8.4.0/xtensa-esp32-elf/lib/gcc/xtensa-esp32-elf/8.4.0/include-fixed]
  collapse include dir [/home/peterglen/.espressif/tools/xtensa-esp32-elf/esp-2020r3-8.4.0/xtensa-esp32-elf/bin/../lib/gcc/xtensa-esp32-elf/8.4.0/../../../../xtensa-esp32-elf/sys-include] ==> [/home/peterglen/.espressif/tools/xtensa-esp32-elf/esp-2020r3-8.4.0/xtensa-esp32-elf/xtensa-esp32-elf/sys-include]
  collapse include dir [/home/peterglen/.espressif/tools/xtensa-esp32-elf/esp-2020r3-8.4.0/xtensa-esp32-elf/bin/../lib/gcc/xtensa-esp32-elf/8.4.0/../../../../xtensa-esp32-elf/include] ==> [/home/peterglen/.espressif/tools/xtensa-esp32-elf/esp-2020r3-8.4.0/xtensa-esp32-elf/xtensa-esp32-elf/include]
  implicit include dirs: [/home/peterglen/.espressif/tools/xtensa-esp32-elf/esp-2020r3-8.4.0/xtensa-esp32-elf/xtensa-esp32-elf/include/c++/8.4.0;/home/peterglen/.espressif/tools/xtensa-esp32-elf/esp-2020r3-8.4.0/xtensa-esp32-elf/xtensa-esp32-elf/include/c++/8.4.0/xtensa-esp32-elf;/home/peterglen/.espressif/tools/xtensa-esp32-elf/esp-2020r3-8.4.0/xtensa-esp32-elf/xtensa-esp32-elf/include/c++/8.4.0/backward;/home/peterglen/.espressif/tools/xtensa-esp32-elf/esp-2020r3-8.4.0/xtensa-esp32-elf/lib/gcc/xtensa-esp32-elf/8.4.0/include;/home/peterglen/.espressif/tools/xtensa-esp32-elf/esp-2020r3-8.4.0/xtensa-esp32-elf/lib/gcc/xtensa-esp32-elf/8.4.0/include-fixed;/home/peterglen/.espressif/tools/xtensa-esp32-elf/esp-2020r3-8.4.0/xtensa-esp32-elf/xtensa-esp32-elf/sys-include;/home/peterglen/.espressif/tools/xtensa-esp32-elf/esp-2020r3-8.4.0/xtensa-esp32-elf/xtensa-esp32-elf/include]


Parsed CXX implicit link information from above output:
  link line regex: [^( *|.*[/\])(xtensa-esp32-elf-ld|CMAKE_LINK_STARTFILE-NOTFOUND|([^/\]+-)?ld|collect2)[^/\]*( |$)]
  ignore line: [Change Dir: /akostar/esp32-s2/esp-s2code/ftm/CMakeFiles/CMakeTmp]
  ignore line: []
  ignore line: [Run Build Command(s):/usr/bin/gmake cmTC_1b0a1/fast && /usr/bin/gmake -f CMakeFiles/cmTC_1b0a1.dir/build.make CMakeFiles/cmTC_1b0a1.dir/build]
  ignore line: [gmake[1]: Entering directory '/akostar/esp32-s2/esp-s2code/ftm/CMakeFiles/CMakeTmp']
  ignore line: [Building CXX object CMakeFiles/cmTC_1b0a1.dir/CMakeCXXCompilerABI.cpp.obj]
  ignore line: [/home/peterglen/.espressif/tools/xtensa-esp32-elf/esp-2020r3-8.4.0/xtensa-esp32-elf/bin/xtensa-esp32-elf-g++    -mlongcalls -Wno-frame-address    -v -o CMakeFiles/cmTC_1b0a1.dir/CMakeCXXCompilerABI.cpp.obj -c /usr/share/cmake-3.16/Modules/CMakeCXXCompilerABI.cpp]
  ignore line: [Using built-in specs.]
  ignore line: [COLLECT_GCC=/home/peterglen/.espressif/tools/xtensa-esp32-elf/esp-2020r3-8.4.0/xtensa-esp32-elf/bin/xtensa-esp32-elf-g++]
  ignore line: [Target: xtensa-esp32-elf]
  ignore line: [Configured with: /builds/idf/crosstool-NG/.build/xtensa-esp32-elf/src/gcc/configure --build=x86_64-build_pc-linux-gnu --host=x86_64-build_pc-linux-gnu --target=xtensa-esp32-elf --prefix=/builds/idf/crosstool-NG/builds/xtensa-esp32-elf --with-local-prefix=/builds/idf/crosstool-NG/builds/xtensa-esp32-elf/xtensa-esp32-elf --with-headers=/builds/idf/crosstool-NG/builds/xtensa-esp32-elf/xtensa-esp32-elf/include --with-newlib --enable-threads=no --disable-shared --with-pkgversion='crosstool-NG esp-2020r3' --disable-__cxa_atexit --enable-cxx-flags=-ffunction-sections --disable-libgomp --disable-libmudflap --disable-libmpx --disable-libssp --disable-libquadmath --disable-libquadmath-support --with-gmp=/builds/idf/crosstool-NG/.build/xtensa-esp32-elf/buildtools --with-mpfr=/builds/idf/crosstool-NG/.build/xtensa-esp32-elf/buildtools --with-mpc=/builds/idf/crosstool-NG/.build/xtensa-esp32-elf/buildtools --with-isl=/builds/idf/crosstool-NG/.build/xtensa-esp32-elf/buildtools --enable-lto --enable-target-optspace --without-long-double-128 --disable-nls --enable-multiarch --enable-languages=c c++ --disable-libstdcxx-verbose --enable-threads=posix --enable-gcov-custom-rtio --enable-libstdcxx-time=yes]
  ignore line: [Thread model: posix]
  ignore line: [gcc version 8.4.0 (crosstool-NG esp-2020r3) ]
  ignore line: [COLLECT_GCC_OPTIONS='-mlongcalls' '-Wno-frame-address' '-v' '-o' 'CMakeFiles/cmTC_1b0a1.dir/CMakeCXXCompilerABI.cpp.obj' '-c']
  ignore line: [ /home/peterglen/.espressif/tools/xtensa-esp32-elf/esp-2020r3-8.4.0/xtensa-esp32-elf/bin/../libexec/gcc/xtensa-esp32-elf/8.4.0/cc1plus -quiet -v -iprefix /home/peterglen/.espressif/tools/xtensa-esp32-elf/esp-2020r3-8.4.0/xtensa-esp32-elf/bin/../lib/gcc/xtensa-esp32-elf/8.4.0/ /usr/share/cmake-3.16/Modules/CMakeCXXCompilerABI.cpp -quiet -dumpbase CMakeCXXCompilerABI.cpp -mlongcalls -auxbase-strip CMakeFiles/cmTC_1b0a1.dir/CMakeCXXCompilerABI.cpp.obj -Wno-frame-address -version -o /tmp/ccXI9YJR.s]
  ignore line: [GNU C++14 (crosstool-NG esp-2020r3) version 8.4.0 (xtensa-esp32-elf)]
  ignore line: [	compiled by GNU C version 4.9.2  GMP version 6.1.2  MPFR version 4.0.1  MPC version 1.1.0  isl version isl-0.19-GMP]
  ignore line: []
  ignore line: [GGC heuristics: --param ggc-min-expand=100 --param ggc-min-heapsize=131072]
  ignore line: [ignoring duplicate directory "/home/peterglen/.espressif/tools/xtensa-esp32-elf/esp-2020r3-8.4.0/xtensa-esp32-elf/bin/../lib/gcc/../../lib/gcc/xtensa-esp32-elf/8.4.0/../../../../xtensa-esp32-elf/include/c++/8.4.0"]
  ignore line: [ignoring duplicate directory "/home/peterglen/.espressif/tools/xtensa-esp32-elf/esp-2020r3-8.4.0/xtensa-esp32-elf/bin/../lib/gcc/../../lib/gcc/xtensa-esp32-elf/8.4.0/../../../../xtensa-esp32-elf/include/c++/8.4.0/xtensa-esp32-elf"]
  ignore line: [ignoring duplicate directory "/home/peterglen/.espressif/tools/xtensa-esp32-elf/esp-2020r3-8.4.0/xtensa-esp32-elf/bin/../lib/gcc/../../lib/gcc/xtensa-esp32-elf/8.4.0/../../../../xtensa-esp32-elf/include/c++/8.4.0/backward"]
  ignore line: [ignoring duplicate directory "/home/peterglen/.espressif/tools/xtensa-esp32-elf/esp-2020r3-8.4.0/xtensa-esp32-elf/bin/../lib/gcc/../../lib/gcc/xtensa-esp32-elf/8.4.0/include"]
  ignore line: [ignoring duplicate directory "/home/peterglen/.espressif/tools/xtensa-esp32-elf/esp-2020r3-8.4.0/xtensa-esp32-elf/bin/../lib/gcc/../../lib/gcc/xtensa-esp32-elf/8.4.0/include-fixed"]
  ignore line: [ignoring duplicate directory "/home/peterglen/.espressif/tools/xtensa-esp32-elf/esp-2020r3-8.4.0/xtensa-esp32-elf/bin/../lib/gcc/../../lib/gcc/xtensa-esp32-elf/8.4.0/../../../../xtensa-esp32-elf/sys-include"]
  ignore line: [ignoring duplicate directory "/home/peterglen/.espressif/tools/xtensa-esp32-elf/esp-2020r3-8.4.0/xtensa-esp32-elf/bin/../lib/gcc/../../lib/gcc/xtensa-esp32-elf/8.4.0/../../../../xtensa-esp32-elf/include"]
  ignore line: [#include "..." search starts here:]
  ignore line: [#include <...> search starts here:]
  ignore line: [ /home/peterglen/.espressif/tools/xtensa-esp32-elf/esp-2020r3-8.4.0/xtensa-esp32-elf/bin/../lib/gcc/xtensa-esp32-elf/8.4.0/../../../../xtensa-esp32-elf/include/c++/8.4.0]
  ignore line: [ /home/peterglen/.espressif/tools/xtensa-esp32-elf/esp-2020r3-8.4.0/xtensa-esp32-elf/bin/../lib/gcc/xtensa-esp32-elf/8.4.0/../../../../xtensa-esp32-elf/include/c++/8.4.0/xtensa-esp32-elf]
  ignore line: [ /home/peterglen/.espressif/tools/xtensa-esp32-elf/esp-2020r3-8.4.0/xtensa-esp32-elf/bin/../lib/gcc/xtensa-esp32-elf/8.4.0/../../../../xtensa-esp32-elf/include/c++/8.4.0/backward]
  ignore line: [ /home/peterglen/.espressif/tools/xtensa-esp32-elf/esp-2020r3-8.4.0/xtensa-esp32-elf/bin/../lib/gcc/xtensa-esp32-elf/8.4.0/include]
  ignore line: [ /home/peterglen/.espressif/tools/xtensa-esp32-elf/esp-2020r3-8.4.0/xtensa-esp32-elf/bin/../lib/gcc/xtensa-esp32-elf/8.4.0/include-fixed]
  ignore line: [ /home/peterglen/.espressif/tools/xtensa-esp32-elf/esp-2020r3-8.4.0/xtensa-esp32-elf/bin/../lib/gcc/xtensa-esp32-elf/8.4.0/../../../../xtensa-esp32-elf/sys-include]
  ignore line: [ /home/peterglen/.espressif/tools/xtensa-esp32-elf/esp-2020r3-8.4.0/xtensa-esp32-elf/bin/../lib/gcc/xtensa-esp32-elf/8.4.0/../../../../xtensa-esp32-elf/include]
  ignore line: [End of search list.]
  ignore line: [GNU C++14 (crosstool-NG esp-2020r3) version 8.4.0 (xtensa-esp32-elf)]
  ignore line: [	compiled by GNU C version 4.9.2  GMP version 6.1.2  MPFR version 4.0.1  MPC version 1.1.0  isl version isl-0.19-GMP]
  ignore line: []
  ignore line: [GGC heuristics: --param ggc-min-expand=100 --param ggc-min-heapsize=131072]
  ignore line: [Compiler executable checksum: 8d3d7cf4a9615fb0943a530e8219815c]
  ignore line: [COLLECT_GCC_OPTIONS='-mlongcalls' '-Wno-frame-address' '-v' '-o' 'CMakeFiles/cmTC_1b0a1.dir/CMakeCXXCompilerABI.cpp.obj' '-c']
  ignore line: [ /home/peterglen/.espressif/tools/xtensa-esp32-elf/esp-2020r3-8.4.0/xtensa-esp32-elf/bin/../lib/gcc/xtensa-esp32-elf/8.4.0/../../../../xtensa-esp32-elf/bin/as --traditional-format --longcalls -o CMakeFiles/cmTC_1b0a1.dir/CMakeCXXCompilerABI.cpp.obj /tmp/ccXI9YJR.s]
  ignore line: [COMPILER_PATH=/home/peterglen/.espressif/tools/xtensa-esp32-elf/esp-2020r3-8.4.0/xtensa-esp32-elf/bin/../libexec/gcc/xtensa-esp32-elf/8.4.0/:/home/peterglen/.espressif/tools/xtensa-esp32-elf/esp-2020r3-8.4.0/xtensa-esp32-elf/bin/../libexec/gcc/:/home/peterglen/.espressif/tools/xtensa-esp32-elf/esp-2020r3-8.4.0/xtensa-esp32-elf/bin/../lib/gcc/xtensa-esp32-elf/8.4.0/../../../../xtensa-esp32-elf/bin/]
  ignore line: [LIBRARY_PATH=/home/peterglen/.espressif/tools/xtensa-esp32-elf/esp-2020r3-8.4.0/xtensa-esp32-elf/bin/../lib/gcc/xtensa-esp32-elf/8.4.0/:/home/peterglen/.espressif/tools/xtensa-esp32-elf/esp-2020r3-8.4.0/xtensa-esp32-elf/bin/../lib/gcc/:/home/peterglen/.espressif/tools/xtensa-esp32-elf/esp-2020r3-8.4.0/xtensa-esp32-elf/bin/../lib/gcc/xtensa-esp32-elf/8.4.0/../../../../xtensa-esp32-elf/lib/]
  ignore line: [COLLECT_GCC_OPTIONS='-mlongcalls' '-Wno-frame-address' '-v' '-o' 'CMakeFiles/cmTC_1b0a1.dir/CMakeCXXCompilerABI.cpp.obj' '-c']
  ignore line: [Linking CXX executable cmTC_1b0a1]
  ignore line: [/usr/bin/cmake -E cmake_link_script CMakeFiles/cmTC_1b0a1.dir/link.txt --verbose=1]
  ignore line: [/home/peterglen/.espressif/tools/xtensa-esp32-elf/esp-2020r3-8.4.0/xtensa-esp32-elf/bin/xtensa-esp32-elf-g++  -mlongcalls -Wno-frame-address    -v CMakeFiles/cmTC_1b0a1.dir/CMakeCXXCompilerABI.cpp.obj  -o cmTC_1b0a1 ]
  ignore line: [Using built-in specs.]
  ignore line: [COLLECT_GCC=/home/peterglen/.espressif/tools/xtensa-esp32-elf/esp-2020r3-8.4.0/xtensa-esp32-elf/bin/xtensa-esp32-elf-g++]
  ignore line: [COLLECT_LTO_WRAPPER=/home/peterglen/.espressif/tools/xtensa-esp32-elf/esp-2020r3-8.4.0/xtensa-esp32-elf/bin/../libexec/gcc/xtensa-esp32-elf/8.4.0/lto-wrapper]
  ignore line: [Target: xtensa-esp32-elf]
  ignore line: [Configured with: /builds/idf/crosstool-NG/.build/xtensa-esp32-elf/src/gcc/configure --build=x86_64-build_pc-linux-gnu --host=x86_64-build_pc-linux-gnu --target=xtensa-esp32-elf --prefix=/builds/idf/crosstool-NG/builds/xtensa-esp32-elf --with-local-prefix=/builds/idf/crosstool-NG/builds/xtensa-esp32-elf/xtensa-esp32-elf --with-headers=/builds/idf/crosstool-NG/builds/xtensa-esp32-elf/xtensa-esp32-elf/include --with-newlib --enable-threads=no --disable-shared --with-pkgversion='crosstool-NG esp-2020r3' --disable-__cxa_atexit --enable-cxx-flags=-ffunction-sections --disable-libgomp --disable-libmudflap --disable-libmpx --disable-libssp --disable-libquadmath --disable-libquadmath-support --with-gmp=/builds/idf/crosstool-NG/.build/xtensa-esp32-elf/buildtools --with-mpfr=/builds/idf/crosstool-NG/.build/xtensa-esp32-elf/buildtools --with-mpc=/builds/idf/crosstool-NG/.build/xtensa-esp32-elf/buildtools --with-isl=/builds/idf/crosstool-NG/.build/xtensa-esp32-elf/buildtools --enable-lto --enable-target-optspace --without-long-double-128 --disable-nls --enable-multiarch --enable-languages=c c++ --disable-libstdcxx-verbose --enable-threads=posix --enable-gcov-custom-rtio --enable-libstdcxx-time=yes]
  ignore line: [Thread model: posix]
  ignore line: [gcc version 8.4.0 (crosstool-NG esp-2020r3) ]
  ignore line: [COMPILER_PATH=/home/peterglen/.espressif/tools/xtensa-esp32-elf/esp-2020r3-8.4.0/xtensa-esp32-elf/bin/../libexec/gcc/xtensa-esp32-elf/8.4.0/:/home/peterglen/.espressif/tools/xtensa-esp32-elf/esp-2020r3-8.4.0/xtensa-esp32-elf/bin/../libexec/gcc/:/home/peterglen/.espressif/tools/xtensa-esp32-elf/esp-2020r3-8.4.0/xtensa-esp32-elf/bin/../lib/gcc/xtensa-esp32-elf/8.4.0/../../../../xtensa-esp32-elf/bin/]
  ignore line: [LIBRARY_PATH=/home/peterglen/.espressif/tools/xtensa-esp32-elf/esp-2020r3-8.4.0/xtensa-esp32-elf/bin/../lib/gcc/xtensa-esp32-elf/8.4.0/:/home/peterglen/.espressif/tools/xtensa-esp32-elf/esp-2020r3-8.4.0/xtensa-esp32-elf/bin/../lib/gcc/:/home/peterglen/.espressif/tools/xtensa-esp32-elf/esp-2020r3-8.4.0/xtensa-esp32-elf/bin/../lib/gcc/xtensa-esp32-elf/8.4.0/../../../../xtensa-esp32-elf/lib/]
  ignore line: [COLLECT_GCC_OPTIONS='-mlongcalls' '-Wno-frame-address' '-v' '-o' 'cmTC_1b0a1']
  link line: [ /home/peterglen/.espressif/tools/xtensa-esp32-elf/esp-2020r3-8.4.0/xtensa-esp32-elf/bin/../libexec/gcc/xtensa-esp32-elf/8.4.0/collect2 -plugin /home/peterglen/.espressif/tools/xtensa-esp32-elf/esp-2020r3-8.4.0/xtensa-esp32-elf/bin/../libexec/gcc/xtensa-esp32-elf/8.4.0/liblto_plugin.so -plugin-opt=/home/peterglen/.espressif/tools/xtensa-esp32-elf/esp-2020r3-8.4.0/xtensa-esp32-elf/bin/../libexec/gcc/xtensa-esp32-elf/8.4.0/lto-wrapper -plugin-opt=-fresolution=/tmp/ccFJ6V6k.res -plugin-opt=-pass-through=-lgcc -plugin-opt=-pass-through=-lc -plugin-opt=-pass-through=-lnosys -plugin-opt=-pass-through=-lc -plugin-opt=-pass-through=-lgcc -o cmTC_1b0a1 /home/peterglen/.espressif/tools/xtensa-esp32-elf/esp-2020r3-8.4.0/xtensa-esp32-elf/bin/../lib/gcc/xtensa-esp32-elf/8.4.0/../../../../xtensa-esp32-elf/lib/crt0.o /home/peterglen/.espressif/tools/xtensa-esp32-elf/esp-2020r3-8.4.0/xtensa-esp32-elf/bin/../lib/gcc/xtensa-esp32-elf/8.4.0/crti.o /home/peterglen/.espressif/tools/xtensa-esp32-elf/esp-2020r3-8.4.0/xtensa-esp32-elf/bin/../lib/gcc/xtensa-esp32-elf/8.4.0/crtbegin.o -L/home/peterglen/.espressif/tools/xtensa-esp32-elf/esp-2020r3-8.4.0/xtensa-esp32-elf/bin/../lib/gcc/xtensa-esp32-elf/8.4.0 -L/home/peterglen/.espressif/tools/xtensa-esp32-elf/esp-2020r3-8.4.0/xtensa-esp32-elf/bin/../lib/gcc -L/home/peterglen/.espressif/tools/xtensa-esp32-elf/esp-2020r3-8.4.0/xtensa-esp32-elf/bin/../lib/gcc/xtensa-esp32-elf/8.4.0/../../../../xtensa-esp32-elf/lib CMakeFiles/cmTC_1b0a1.dir/CMakeCXXCompilerABI.cpp.obj -lstdc++ -lm -lgcc -lc -lnosys -lc -lgcc /home/peterglen/.espressif/tools/xtensa-esp32-elf/esp-2020r3-8.4.0/xtensa-esp32-elf/bin/../lib/gcc/xtensa-esp32-elf/8.4.0/crtend.o /home/peterglen/.espressif/tools/xtensa-esp32-elf/esp-2020r3-8.4.0/xtensa-esp32-elf/bin/../lib/gcc/xtensa-esp32-elf/8.4.0/crtn.o]
    arg [/home/peterglen/.espressif/tools/xtensa-esp32-elf/esp-2020r3-8.4.0/xtensa-esp32-elf/bin/../libexec/gcc/xtensa-esp32-elf/8.4.0/collect2] ==> ignore
    arg [-plugin] ==> ignore
    arg [/home/peterglen/.espressif/tools/xtensa-esp32-elf/esp-2020r3-8.4.0/xtensa-esp32-elf/bin/../libexec/gcc/xtensa-esp32-elf/8.4.0/liblto_plugin.so] ==> ignore
    arg [-plugin-opt=/home/peterglen/.espressif/tools/xtensa-esp32-elf/esp-2020r3-8.4.0/xtensa-esp32-elf/bin/../libexec/gcc/xtensa-esp32-elf/8.4.0/lto-wrapper] ==> ignore
    arg [-plugin-opt=-fresolution=/tmp/ccFJ6V6k.res] ==> ignore
    arg [-plugin-opt=-pass-through=-lgcc] ==> ignore
    arg [-plugin-opt=-pass-through=-lc] ==> ignore
    arg [-plugin-opt=-pass-through=-lnosys] ==> ignore
    arg [-plugin-opt=-pass-through=-lc] ==> ignore
    arg [-plugin-opt=-pass-through=-lgcc] ==> ignore
    arg [-o] ==> ignore
    arg [cmTC_1b0a1] ==> ignore
    arg [/home/peterglen/.espressif/tools/xtensa-esp32-elf/esp-2020r3-8.4.0/xtensa-esp32-elf/bin/../lib/gcc/xtensa-esp32-elf/8.4.0/../../../../xtensa-esp32-elf/lib/crt0.o] ==> ignore
    arg [/home/peterglen/.espressif/tools/xtensa-esp32-elf/esp-2020r3-8.4.0/xtensa-esp32-elf/bin/../lib/gcc/xtensa-esp32-elf/8.4.0/crti.o] ==> ignore
    arg [/home/peterglen/.espressif/tools/xtensa-esp32-elf/esp-2020r3-8.4.0/xtensa-esp32-elf/bin/../lib/gcc/xtensa-esp32-elf/8.4.0/crtbegin.o] ==> ignore
    arg [-L/home/peterglen/.espressif/tools/xtensa-esp32-elf/esp-2020r3-8.4.0/xtensa-esp32-elf/bin/../lib/gcc/xtensa-esp32-elf/8.4.0] ==> dir [/home/peterglen/.espressif/tools/xtensa-esp32-elf/esp-2020r3-8.4.0/xtensa-esp32-elf/bin/../lib/gcc/xtensa-esp32-elf/8.4.0]
    arg [-L/home/peterglen/.espressif/tools/xtensa-esp32-elf/esp-2020r3-8.4.0/xtensa-esp32-elf/bin/../lib/gcc] ==> dir [/home/peterglen/.espressif/tools/xtensa-esp32-elf/esp-2020r3-8.4.0/xtensa-esp32-elf/bin/../lib/gcc]
    arg [-L/home/peterglen/.espressif/tools/xtensa-esp32-elf/esp-2020r3-8.4.0/xtensa-esp32-elf/bin/../lib/gcc/xtensa-esp32-elf/8.4.0/../../../../xtensa-esp32-elf/lib] ==> dir [/home/peterglen/.espressif/tools/xtensa-esp32-elf/esp-2020r3-8.4.0/xtensa-esp32-elf/bin/../lib/gcc/xtensa-esp32-elf/8.4.0/../../../../xtensa-esp32-elf/lib]
    arg [CMakeFiles/cmTC_1b0a1.dir/CMakeCXXCompilerABI.cpp.obj] ==> ignore
    arg [-lstdc++] ==> lib [stdc++]
    arg [-lm] ==> lib [m]
    arg [-lgcc] ==> lib [gcc]
    arg [-lc] ==> lib [c]
    arg [-lnosys] ==> lib [nosys]
    arg [-lc] ==> lib [c]
    arg [-lgcc] ==> lib [gcc]
    arg [/home/peterglen/.espressif/tools/xtensa-esp32-elf/esp-2020r3-8.4.0/xtensa-esp32-elf/bin/../lib/gcc/xtensa-esp32-elf/8.4.0/crtend.o] ==> ignore
    arg [/home/peterglen/.espressif/tools/xtensa-esp32-elf/esp-2020r3-8.4.0/xtensa-esp32-elf/bin/../lib/gcc/xtensa-esp32-elf/8.4.0/crtn.o] ==> ignore
  collapse library dir [/home/peterglen/.espressif/tools/xtensa-esp32-elf/esp-2020r3-8.4.0/xtensa-esp32-elf/bin/../lib/gcc/xtensa-esp32-elf/8.4.0] ==> [/home/peterglen/.espressif/tools/xtensa-esp32-elf/esp-2020r3-8.4.0/xtensa-esp32-elf/lib/gcc/xtensa-esp32-elf/8.4.0]
  collapse library dir [/home/peterglen/.espressif/tools/xtensa-esp32-elf/esp-2020r3-8.4.0/xtensa-esp32-elf/bin/../lib/gcc] ==> [/home/peterglen/.espressif/tools/xtensa-esp32-elf/esp-2020r3-8.4.0/xtensa-esp32-elf/lib/gcc]
  collapse library dir [/home/peterglen/.espressif/tools/xtensa-esp32-elf/esp-2020r3-8.4.0/xtensa-esp32-elf/bin/../lib/gcc/xtensa-esp32-elf/8.4.0/../../../../xtensa-esp32-elf/lib] ==> [/home/peterglen/.espressif/tools/xtensa-esp32-elf/esp-2020r3-8.4.0/xtensa-esp32-elf/xtensa-esp32-elf/lib]
  implicit libs: [stdc++;m;gcc;c;nosys;c;gcc]
  implicit dirs: [/home/peterglen/.espressif/tools/xtensa-esp32-elf/esp-2020r3-8.4.0/xtensa-esp32-elf/lib/gcc/xtensa-esp32-elf/8.4.0;/home/peterglen/.espressif/tools/xtensa-esp32-elf/esp-2020r3-8.4.0/xtensa-esp32-elf/lib/gcc;/home/peterglen/.espressif/tools/xtensa-esp32-elf/esp-2020r3-8.4.0/xtensa-esp32-elf/xtensa-esp32-elf/lib]
  implicit fwks: []


The target system is: Generic -  - 
The host system is: Linux - 5.8.0-44-generic - x86_64
Compiling the C compiler identification source file "CMakeCCompilerId.c" succeeded.
Compiler: /home/peterglen/.espressif/tools/xtensa-esp32-elf/esp-2020r3-8.4.0/xtensa-esp32-elf/bin/xtensa-esp32-elf-gcc 
Build flags: -mlongcalls;-Wno-frame-address
Id flags:  

The output was:
0


Compilation of the C compiler identification source "CMakeCCompilerId.c" produced "a.out"

The C compiler identification is GNU, found in "/akostar/esp32-s2/esp-s2code/ftm/CMakeFiles/3.16.3/CompilerIdC/a.out"

Compiling the CXX compiler identification source file "CMakeCXXCompilerId.cpp" succeeded.
Compiler: /home/peterglen/.espressif/tools/xtensa-esp32-elf/esp-2020r3-8.4.0/xtensa-esp32-elf/bin/xtensa-esp32-elf-g++ 
Build flags: -mlongcalls;-Wno-frame-address
Id flags:  

The output was:
0


Compilation of the CXX compiler identification source "CMakeCXXCompilerId.cpp" produced "a.out"

The CXX compiler identification is GNU, found in "/akostar/esp32-s2/esp-s2code/ftm/CMakeFiles/3.16.3/CompilerIdCXX/a.out"

Checking whether the ASM compiler is GNU using "--version" matched "(GNU assembler)|(GCC)|(Free Software Foundation)":
xtensa-esp32-elf-gcc (crosstool-NG esp-2020r3) 8.4.0
Copyright (C) 2018 Free Software Foundation, Inc.
This is free software; see the source for copying conditions.  There is NO
warranty; not even for MERCHANTABILITY or FITNESS FOR A PARTICULAR PURPOSE.

Determining if the C compiler works passed with the following output:
Change Dir: /akostar/esp32-s2/esp-s2code/ftm/CMakeFiles/CMakeTmp

Run Build Command(s):/usr/bin/gmake cmTC_6108b/fast && gmake[1]: Entering directory '/akostar/esp32-s2/esp-s2code/ftm/CMakeFiles/CMakeTmp'
/usr/bin/gmake -f CMakeFiles/cmTC_6108b.dir/build.make CMakeFiles/cmTC_6108b.dir/build
gmake[2]: Entering directory '/akostar/esp32-s2/esp-s2code/ftm/CMakeFiles/CMakeTmp'
Building C object CMakeFiles/cmTC_6108b.dir/testCCompiler.c.obj
/home/peterglen/.espressif/tools/xtensa-esp32-elf/esp-2020r3-8.4.0/xtensa-esp32-elf/bin/xtensa-esp32-elf-gcc   -mlongcalls -Wno-frame-address    -o CMakeFiles/cmTC_6108b.dir/testCCompiler.c.obj   -c /akostar/esp32-s2/esp-s2code/ftm/CMakeFiles/CMakeTmp/testCCompiler.c
Linking C executable cmTC_6108b
/usr/bin/cmake -E cmake_link_script CMakeFiles/cmTC_6108b.dir/link.txt --verbose=1
/home/peterglen/.espressif/tools/xtensa-esp32-elf/esp-2020r3-8.4.0/xtensa-esp32-elf/bin/xtensa-esp32-elf-gcc -mlongcalls -Wno-frame-address     CMakeFiles/cmTC_6108b.dir/testCCompiler.c.obj  -o cmTC_6108b 
gmake[2]: Leaving directory '/akostar/esp32-s2/esp-s2code/ftm/CMakeFiles/CMakeTmp'
gmake[1]: Leaving directory '/akostar/esp32-s2/esp-s2code/ftm/CMakeFiles/CMakeTmp'



Detecting C compiler ABI info compiled with the following output:
Change Dir: /akostar/esp32-s2/esp-s2code/ftm/CMakeFiles/CMakeTmp

Run Build Command(s):/usr/bin/gmake cmTC_274a4/fast && gmake[1]: Entering directory '/akostar/esp32-s2/esp-s2code/ftm/CMakeFiles/CMakeTmp'
/usr/bin/gmake -f CMakeFiles/cmTC_274a4.dir/build.make CMakeFiles/cmTC_274a4.dir/build
gmake[2]: Entering directory '/akostar/esp32-s2/esp-s2code/ftm/CMakeFiles/CMakeTmp'
Building C object CMakeFiles/cmTC_274a4.dir/CMakeCCompilerABI.c.obj
/home/peterglen/.espressif/tools/xtensa-esp32-elf/esp-2020r3-8.4.0/xtensa-esp32-elf/bin/xtensa-esp32-elf-gcc   -mlongcalls -Wno-frame-address    -v -o CMakeFiles/cmTC_274a4.dir/CMakeCCompilerABI.c.obj   -c /usr/share/cmake-3.16/Modules/CMakeCCompilerABI.c
Using built-in specs.
COLLECT_GCC=/home/peterglen/.espressif/tools/xtensa-esp32-elf/esp-2020r3-8.4.0/xtensa-esp32-elf/bin/xtensa-esp32-elf-gcc
Target: xtensa-esp32-elf
Configured with: /builds/idf/crosstool-NG/.build/xtensa-esp32-elf/src/gcc/configure --build=x86_64-build_pc-linux-gnu --host=x86_64-build_pc-linux-gnu --target=xtensa-esp32-elf --prefix=/builds/idf/crosstool-NG/builds/xtensa-esp32-elf --with-local-prefix=/builds/idf/crosstool-NG/builds/xtensa-esp32-elf/xtensa-esp32-elf --with-headers=/builds/idf/crosstool-NG/builds/xtensa-esp32-elf/xtensa-esp32-elf/include --with-newlib --enable-threads=no --disable-shared --with-pkgversion='crosstool-NG esp-2020r3' --disable-__cxa_atexit --enable-cxx-flags=-ffunction-sections --disable-libgomp --disable-libmudflap --disable-libmpx --disable-libssp --disable-libquadmath --disable-libquadmath-support --with-gmp=/builds/idf/crosstool-NG/.build/xtensa-esp32-elf/buildtools --with-mpfr=/builds/idf/crosstool-NG/.build/xtensa-esp32-elf/buildtools --with-mpc=/builds/idf/crosstool-NG/.build/xtensa-esp32-elf/buildtools --with-isl=/builds/idf/crosstool-NG/.build/xtensa-esp32-elf/buildtools --enable-lto --enable-target-optspace --without-long-double-128 --disable-nls --enable-multiarch --enable-languages=c,c++ --disable-libstdcxx-verbose --enable-threads=posix --enable-gcov-custom-rtio --enable-libstdcxx-time=yes
Thread model: posix
gcc version 8.4.0 (crosstool-NG esp-2020r3) 
COLLECT_GCC_OPTIONS='-mlongcalls' '-Wno-frame-address' '-v' '-o' 'CMakeFiles/cmTC_274a4.dir/CMakeCCompilerABI.c.obj' '-c'
 /home/peterglen/.espressif/tools/xtensa-esp32-elf/esp-2020r3-8.4.0/xtensa-esp32-elf/bin/../libexec/gcc/xtensa-esp32-elf/8.4.0/cc1 -quiet -v -iprefix /home/peterglen/.espressif/tools/xtensa-esp32-elf/esp-2020r3-8.4.0/xtensa-esp32-elf/bin/../lib/gcc/xtensa-esp32-elf/8.4.0/ /usr/share/cmake-3.16/Modules/CMakeCCompilerABI.c -quiet -dumpbase CMakeCCompilerABI.c -mlongcalls -auxbase-strip CMakeFiles/cmTC_274a4.dir/CMakeCCompilerABI.c.obj -Wno-frame-address -version -o /tmp/cchZ8FS4.s
GNU C17 (crosstool-NG esp-2020r3) version 8.4.0 (xtensa-esp32-elf)
	compiled by GNU C version 4.9.2, GMP version 6.1.2, MPFR version 4.0.1, MPC version 1.1.0, isl version isl-0.19-GMP

GGC heuristics: --param ggc-min-expand=100 --param ggc-min-heapsize=131072
ignoring duplicate directory "/home/peterglen/.espressif/tools/xtensa-esp32-elf/esp-2020r3-8.4.0/xtensa-esp32-elf/bin/../lib/gcc/../../lib/gcc/xtensa-esp32-elf/8.4.0/include"
ignoring duplicate directory "/home/peterglen/.espressif/tools/xtensa-esp32-elf/esp-2020r3-8.4.0/xtensa-esp32-elf/bin/../lib/gcc/../../lib/gcc/xtensa-esp32-elf/8.4.0/include-fixed"
ignoring duplicate directory "/home/peterglen/.espressif/tools/xtensa-esp32-elf/esp-2020r3-8.4.0/xtensa-esp32-elf/bin/../lib/gcc/../../lib/gcc/xtensa-esp32-elf/8.4.0/../../../../xtensa-esp32-elf/sys-include"
ignoring duplicate directory "/home/peterglen/.espressif/tools/xtensa-esp32-elf/esp-2020r3-8.4.0/xtensa-esp32-elf/bin/../lib/gcc/../../lib/gcc/xtensa-esp32-elf/8.4.0/../../../../xtensa-esp32-elf/include"
#include "..." search starts here:
#include <...> search starts here:
 /home/peterglen/.espressif/tools/xtensa-esp32-elf/esp-2020r3-8.4.0/xtensa-esp32-elf/bin/../lib/gcc/xtensa-esp32-elf/8.4.0/include
 /home/peterglen/.espressif/tools/xtensa-esp32-elf/esp-2020r3-8.4.0/xtensa-esp32-elf/bin/../lib/gcc/xtensa-esp32-elf/8.4.0/include-fixed
 /home/peterglen/.espressif/tools/xtensa-esp32-elf/esp-2020r3-8.4.0/xtensa-esp32-elf/bin/../lib/gcc/xtensa-esp32-elf/8.4.0/../../../../xtensa-esp32-elf/sys-include
 /home/peterglen/.espressif/tools/xtensa-esp32-elf/esp-2020r3-8.4.0/xtensa-esp32-elf/bin/../lib/gcc/xtensa-esp32-elf/8.4.0/../../../../xtensa-esp32-elf/include
End of search list.
GNU C17 (crosstool-NG esp-2020r3) version 8.4.0 (xtensa-esp32-elf)
	compiled by GNU C version 4.9.2, GMP version 6.1.2, MPFR version 4.0.1, MPC version 1.1.0, isl version isl-0.19-GMP

GGC heuristics: --param ggc-min-expand=100 --param ggc-min-heapsize=131072
Compiler executable checksum: 30a273f5c2e3bc492245d1974b5e7b3d
COLLECT_GCC_OPTIONS='-mlongcalls' '-Wno-frame-address' '-v' '-o' 'CMakeFiles/cmTC_274a4.dir/CMakeCCompilerABI.c.obj' '-c'
 /home/peterglen/.espressif/tools/xtensa-esp32-elf/esp-2020r3-8.4.0/xtensa-esp32-elf/bin/../lib/gcc/xtensa-esp32-elf/8.4.0/../../../../xtensa-esp32-elf/bin/as --traditional-format --longcalls -o CMakeFiles/cmTC_274a4.dir/CMakeCCompilerABI.c.obj /tmp/cchZ8FS4.s
COMPILER_PATH=/home/peterglen/.espressif/tools/xtensa-esp32-elf/esp-2020r3-8.4.0/xtensa-esp32-elf/bin/../libexec/gcc/xtensa-esp32-elf/8.4.0/:/home/peterglen/.espressif/tools/xtensa-esp32-elf/esp-2020r3-8.4.0/xtensa-esp32-elf/bin/../libexec/gcc/:/home/peterglen/.espressif/tools/xtensa-esp32-elf/esp-2020r3-8.4.0/xtensa-esp32-elf/bin/../lib/gcc/xtensa-esp32-elf/8.4.0/../../../../xtensa-esp32-elf/bin/
LIBRARY_PATH=/home/peterglen/.espressif/tools/xtensa-esp32-elf/esp-2020r3-8.4.0/xtensa-esp32-elf/bin/../lib/gcc/xtensa-esp32-elf/8.4.0/:/home/peterglen/.espressif/tools/xtensa-esp32-elf/esp-2020r3-8.4.0/xtensa-esp32-elf/bin/../lib/gcc/:/home/peterglen/.espressif/tools/xtensa-esp32-elf/esp-2020r3-8.4.0/xtensa-esp32-elf/bin/../lib/gcc/xtensa-esp32-elf/8.4.0/../../../../xtensa-esp32-elf/lib/
COLLECT_GCC_OPTIONS='-mlongcalls' '-Wno-frame-address' '-v' '-o' 'CMakeFiles/cmTC_274a4.dir/CMakeCCompilerABI.c.obj' '-c'
Linking C executable cmTC_274a4
/usr/bin/cmake -E cmake_link_script CMakeFiles/cmTC_274a4.dir/link.txt --verbose=1
/home/peterglen/.espressif/tools/xtensa-esp32-elf/esp-2020r3-8.4.0/xtensa-esp32-elf/bin/xtensa-esp32-elf-gcc -mlongcalls -Wno-frame-address    -v CMakeFiles/cmTC_274a4.dir/CMakeCCompilerABI.c.obj  -o cmTC_274a4 
Using built-in specs.
COLLECT_GCC=/home/peterglen/.espressif/tools/xtensa-esp32-elf/esp-2020r3-8.4.0/xtensa-esp32-elf/bin/xtensa-esp32-elf-gcc
COLLECT_LTO_WRAPPER=/home/peterglen/.espressif/tools/xtensa-esp32-elf/esp-2020r3-8.4.0/xtensa-esp32-elf/bin/../libexec/gcc/xtensa-esp32-elf/8.4.0/lto-wrapper
Target: xtensa-esp32-elf
Configured with: /builds/idf/crosstool-NG/.build/xtensa-esp32-elf/src/gcc/configure --build=x86_64-build_pc-linux-gnu --host=x86_64-build_pc-linux-gnu --target=xtensa-esp32-elf --prefix=/builds/idf/crosstool-NG/builds/xtensa-esp32-elf --with-local-prefix=/builds/idf/crosstool-NG/builds/xtensa-esp32-elf/xtensa-esp32-elf --with-headers=/builds/idf/crosstool-NG/builds/xtensa-esp32-elf/xtensa-esp32-elf/include --with-newlib --enable-threads=no --disable-shared --with-pkgversion='crosstool-NG esp-2020r3' --disable-__cxa_atexit --enable-cxx-flags=-ffunction-sections --disable-libgomp --disable-libmudflap --disable-libmpx --disable-libssp --disable-libquadmath --disable-libquadmath-support --with-gmp=/builds/idf/crosstool-NG/.build/xtensa-esp32-elf/buildtools --with-mpfr=/builds/idf/crosstool-NG/.build/xtensa-esp32-elf/buildtools --with-mpc=/builds/idf/crosstool-NG/.build/xtensa-esp32-elf/buildtools --with-isl=/builds/idf/crosstool-NG/.build/xtensa-esp32-elf/buildtools --enable-lto --enable-target-optspace --without-long-double-128 --disable-nls --enable-multiarch --enable-languages=c,c++ --disable-libstdcxx-verbose --enable-threads=posix --enable-gcov-custom-rtio --enable-libstdcxx-time=yes
Thread model: posix
gcc version 8.4.0 (crosstool-NG esp-2020r3) 
COMPILER_PATH=/home/peterglen/.espressif/tools/xtensa-esp32-elf/esp-2020r3-8.4.0/xtensa-esp32-elf/bin/../libexec/gcc/xtensa-esp32-elf/8.4.0/:/home/peterglen/.espressif/tools/xtensa-esp32-elf/esp-2020r3-8.4.0/xtensa-esp32-elf/bin/../libexec/gcc/:/home/peterglen/.espressif/tools/xtensa-esp32-elf/esp-2020r3-8.4.0/xtensa-esp32-elf/bin/../lib/gcc/xtensa-esp32-elf/8.4.0/../../../../xtensa-esp32-elf/bin/
LIBRARY_PATH=/home/peterglen/.espressif/tools/xtensa-esp32-elf/esp-2020r3-8.4.0/xtensa-esp32-elf/bin/../lib/gcc/xtensa-esp32-elf/8.4.0/:/home/peterglen/.espressif/tools/xtensa-esp32-elf/esp-2020r3-8.4.0/xtensa-esp32-elf/bin/../lib/gcc/:/home/peterglen/.espressif/tools/xtensa-esp32-elf/esp-2020r3-8.4.0/xtensa-esp32-elf/bin/../lib/gcc/xtensa-esp32-elf/8.4.0/../../../../xtensa-esp32-elf/lib/
COLLECT_GCC_OPTIONS='-mlongcalls' '-Wno-frame-address' '-v' '-o' 'cmTC_274a4'
 /home/peterglen/.espressif/tools/xtensa-esp32-elf/esp-2020r3-8.4.0/xtensa-esp32-elf/bin/../libexec/gcc/xtensa-esp32-elf/8.4.0/collect2 -plugin /home/peterglen/.espressif/tools/xtensa-esp32-elf/esp-2020r3-8.4.0/xtensa-esp32-elf/bin/../libexec/gcc/xtensa-esp32-elf/8.4.0/liblto_plugin.so -plugin-opt=/home/peterglen/.espressif/tools/xtensa-esp32-elf/esp-2020r3-8.4.0/xtensa-esp32-elf/bin/../libexec/gcc/xtensa-esp32-elf/8.4.0/lto-wrapper -plugin-opt=-fresolution=/tmp/ccz2fpRx.res -plugin-opt=-pass-through=-lgcc -plugin-opt=-pass-through=-lc -plugin-opt=-pass-through=-lnosys -plugin-opt=-pass-through=-lc -plugin-opt=-pass-through=-lgcc -o cmTC_274a4 /home/peterglen/.espressif/tools/xtensa-esp32-elf/esp-2020r3-8.4.0/xtensa-esp32-elf/bin/../lib/gcc/xtensa-esp32-elf/8.4.0/../../../../xtensa-esp32-elf/lib/crt0.o /home/peterglen/.espressif/tools/xtensa-esp32-elf/esp-2020r3-8.4.0/xtensa-esp32-elf/bin/../lib/gcc/xtensa-esp32-elf/8.4.0/crti.o /home/peterglen/.espressif/tools/xtensa-esp32-elf/esp-2020r3-8.4.0/xtensa-esp32-elf/bin/../lib/gcc/xtensa-esp32-elf/8.4.0/crtbegin.o -L/home/peterglen/.espressif/tools/xtensa-esp32-elf/esp-2020r3-8.4.0/xtensa-esp32-elf/bin/../lib/gcc/xtensa-esp32-elf/8.4.0 -L/home/peterglen/.espressif/tools/xtensa-esp32-elf/esp-2020r3-8.4.0/xtensa-esp32-elf/bin/../lib/gcc -L/home/peterglen/.espressif/tools/xtensa-esp32-elf/esp-2020r3-8.4.0/xtensa-esp32-elf/bin/../lib/gcc/xtensa-esp32-elf/8.4.0/../../../../xtensa-esp32-elf/lib CMakeFiles/cmTC_274a4.dir/CMakeCCompilerABI.c.obj -lgcc -lc -lnosys -lc -lgcc /home/peterglen/.espressif/tools/xtensa-esp32-elf/esp-2020r3-8.4.0/xtensa-esp32-elf/bin/../lib/gcc/xtensa-esp32-elf/8.4.0/crtend.o /home/peterglen/.espressif/tools/xtensa-esp32-elf/esp-2020r3-8.4.0/xtensa-esp32-elf/bin/../lib/gcc/xtensa-esp32-elf/8.4.0/crtn.o
COLLECT_GCC_OPTIONS='-mlongcalls' '-Wno-frame-address' '-v' '-o' 'cmTC_274a4'
gmake[2]: Leaving directory '/akostar/esp32-s2/esp-s2code/ftm/CMakeFiles/CMakeTmp'
gmake[1]: Leaving directory '/akostar/esp32-s2/esp-s2code/ftm/CMakeFiles/CMakeTmp'



Parsed C implicit include dir info from above output: rv=done
  found start of include info
  found start of implicit include info
    add: [/home/peterglen/.espressif/tools/xtensa-esp32-elf/esp-2020r3-8.4.0/xtensa-esp32-elf/bin/../lib/gcc/xtensa-esp32-elf/8.4.0/include]
    add: [/home/peterglen/.espressif/tools/xtensa-esp32-elf/esp-2020r3-8.4.0/xtensa-esp32-elf/bin/../lib/gcc/xtensa-esp32-elf/8.4.0/include-fixed]
    add: [/home/peterglen/.espressif/tools/xtensa-esp32-elf/esp-2020r3-8.4.0/xtensa-esp32-elf/bin/../lib/gcc/xtensa-esp32-elf/8.4.0/../../../../xtensa-esp32-elf/sys-include]
    add: [/home/peterglen/.espressif/tools/xtensa-esp32-elf/esp-2020r3-8.4.0/xtensa-esp32-elf/bin/../lib/gcc/xtensa-esp32-elf/8.4.0/../../../../xtensa-esp32-elf/include]
  end of search list found
  collapse include dir [/home/peterglen/.espressif/tools/xtensa-esp32-elf/esp-2020r3-8.4.0/xtensa-esp32-elf/bin/../lib/gcc/xtensa-esp32-elf/8.4.0/include] ==> [/home/peterglen/.espressif/tools/xtensa-esp32-elf/esp-2020r3-8.4.0/xtensa-esp32-elf/lib/gcc/xtensa-esp32-elf/8.4.0/include]
  collapse include dir [/home/peterglen/.espressif/tools/xtensa-esp32-elf/esp-2020r3-8.4.0/xtensa-esp32-elf/bin/../lib/gcc/xtensa-esp32-elf/8.4.0/include-fixed] ==> [/home/peterglen/.espressif/tools/xtensa-esp32-elf/esp-2020r3-8.4.0/xtensa-esp32-elf/lib/gcc/xtensa-esp32-elf/8.4.0/include-fixed]
  collapse include dir [/home/peterglen/.espressif/tools/xtensa-esp32-elf/esp-2020r3-8.4.0/xtensa-esp32-elf/bin/../lib/gcc/xtensa-esp32-elf/8.4.0/../../../../xtensa-esp32-elf/sys-include] ==> [/home/peterglen/.espressif/tools/xtensa-esp32-elf/esp-2020r3-8.4.0/xtensa-esp32-elf/xtensa-esp32-elf/sys-include]
  collapse include dir [/home/peterglen/.espressif/tools/xtensa-esp32-elf/esp-2020r3-8.4.0/xtensa-esp32-elf/bin/../lib/gcc/xtensa-esp32-elf/8.4.0/../../../../xtensa-esp32-elf/include] ==> [/home/peterglen/.espressif/tools/xtensa-esp32-elf/esp-2020r3-8.4.0/xtensa-esp32-elf/xtensa-esp32-elf/include]
  implicit include dirs: [/home/peterglen/.espressif/tools/xtensa-esp32-elf/esp-2020r3-8.4.0/xtensa-esp32-elf/lib/gcc/xtensa-esp32-elf/8.4.0/include;/home/peterglen/.espressif/tools/xtensa-esp32-elf/esp-2020r3-8.4.0/xtensa-esp32-elf/lib/gcc/xtensa-esp32-elf/8.4.0/include-fixed;/home/peterglen/.espressif/tools/xtensa-esp32-elf/esp-2020r3-8.4.0/xtensa-esp32-elf/xtensa-esp32-elf/sys-include;/home/peterglen/.espressif/tools/xtensa-esp32-elf/esp-2020r3-8.4.0/xtensa-esp32-elf/xtensa-esp32-elf/include]


Parsed C implicit link information from above output:
  link line regex: [^( *|.*[/\])(xtensa-esp32-elf-ld|CMAKE_LINK_STARTFILE-NOTFOUND|([^/\]+-)?ld|collect2)[^/\]*( |$)]
  ignore line: [Change Dir: /akostar/esp32-s2/esp-s2code/ftm/CMakeFiles/CMakeTmp]
  ignore line: []
  ignore line: [Run Build Command(s):/usr/bin/gmake cmTC_274a4/fast && gmake[1]: Entering directory '/akostar/esp32-s2/esp-s2code/ftm/CMakeFiles/CMakeTmp']
  ignore line: [/usr/bin/gmake -f CMakeFiles/cmTC_274a4.dir/build.make CMakeFiles/cmTC_274a4.dir/build]
  ignore line: [gmake[2]: Entering directory '/akostar/esp32-s2/esp-s2code/ftm/CMakeFiles/CMakeTmp']
  ignore line: [Building C object CMakeFiles/cmTC_274a4.dir/CMakeCCompilerABI.c.obj]
  ignore line: [/home/peterglen/.espressif/tools/xtensa-esp32-elf/esp-2020r3-8.4.0/xtensa-esp32-elf/bin/xtensa-esp32-elf-gcc   -mlongcalls -Wno-frame-address    -v -o CMakeFiles/cmTC_274a4.dir/CMakeCCompilerABI.c.obj   -c /usr/share/cmake-3.16/Modules/CMakeCCompilerABI.c]
  ignore line: [Using built-in specs.]
  ignore line: [COLLECT_GCC=/home/peterglen/.espressif/tools/xtensa-esp32-elf/esp-2020r3-8.4.0/xtensa-esp32-elf/bin/xtensa-esp32-elf-gcc]
  ignore line: [Target: xtensa-esp32-elf]
  ignore line: [Configured with: /builds/idf/crosstool-NG/.build/xtensa-esp32-elf/src/gcc/configure --build=x86_64-build_pc-linux-gnu --host=x86_64-build_pc-linux-gnu --target=xtensa-esp32-elf --prefix=/builds/idf/crosstool-NG/builds/xtensa-esp32-elf --with-local-prefix=/builds/idf/crosstool-NG/builds/xtensa-esp32-elf/xtensa-esp32-elf --with-headers=/builds/idf/crosstool-NG/builds/xtensa-esp32-elf/xtensa-esp32-elf/include --with-newlib --enable-threads=no --disable-shared --with-pkgversion='crosstool-NG esp-2020r3' --disable-__cxa_atexit --enable-cxx-flags=-ffunction-sections --disable-libgomp --disable-libmudflap --disable-libmpx --disable-libssp --disable-libquadmath --disable-libquadmath-support --with-gmp=/builds/idf/crosstool-NG/.build/xtensa-esp32-elf/buildtools --with-mpfr=/builds/idf/crosstool-NG/.build/xtensa-esp32-elf/buildtools --with-mpc=/builds/idf/crosstool-NG/.build/xtensa-esp32-elf/buildtools --with-isl=/builds/idf/crosstool-NG/.build/xtensa-esp32-elf/buildtools --enable-lto --enable-target-optspace --without-long-double-128 --disable-nls --enable-multiarch --enable-languages=c c++ --disable-libstdcxx-verbose --enable-threads=posix --enable-gcov-custom-rtio --enable-libstdcxx-time=yes]
  ignore line: [Thread model: posix]
  ignore line: [gcc version 8.4.0 (crosstool-NG esp-2020r3) ]
  ignore line: [COLLECT_GCC_OPTIONS='-mlongcalls' '-Wno-frame-address' '-v' '-o' 'CMakeFiles/cmTC_274a4.dir/CMakeCCompilerABI.c.obj' '-c']
  ignore line: [ /home/peterglen/.espressif/tools/xtensa-esp32-elf/esp-2020r3-8.4.0/xtensa-esp32-elf/bin/../libexec/gcc/xtensa-esp32-elf/8.4.0/cc1 -quiet -v -iprefix /home/peterglen/.espressif/tools/xtensa-esp32-elf/esp-2020r3-8.4.0/xtensa-esp32-elf/bin/../lib/gcc/xtensa-esp32-elf/8.4.0/ /usr/share/cmake-3.16/Modules/CMakeCCompilerABI.c -quiet -dumpbase CMakeCCompilerABI.c -mlongcalls -auxbase-strip CMakeFiles/cmTC_274a4.dir/CMakeCCompilerABI.c.obj -Wno-frame-address -version -o /tmp/cchZ8FS4.s]
  ignore line: [GNU C17 (crosstool-NG esp-2020r3) version 8.4.0 (xtensa-esp32-elf)]
  ignore line: [	compiled by GNU C version 4.9.2  GMP version 6.1.2  MPFR version 4.0.1  MPC version 1.1.0  isl version isl-0.19-GMP]
  ignore line: []
  ignore line: [GGC heuristics: --param ggc-min-expand=100 --param ggc-min-heapsize=131072]
  ignore line: [ignoring duplicate directory "/home/peterglen/.espressif/tools/xtensa-esp32-elf/esp-2020r3-8.4.0/xtensa-esp32-elf/bin/../lib/gcc/../../lib/gcc/xtensa-esp32-elf/8.4.0/include"]
  ignore line: [ignoring duplicate directory "/home/peterglen/.espressif/tools/xtensa-esp32-elf/esp-2020r3-8.4.0/xtensa-esp32-elf/bin/../lib/gcc/../../lib/gcc/xtensa-esp32-elf/8.4.0/include-fixed"]
  ignore line: [ignoring duplicate directory "/home/peterglen/.espressif/tools/xtensa-esp32-elf/esp-2020r3-8.4.0/xtensa-esp32-elf/bin/../lib/gcc/../../lib/gcc/xtensa-esp32-elf/8.4.0/../../../../xtensa-esp32-elf/sys-include"]
  ignore line: [ignoring duplicate directory "/home/peterglen/.espressif/tools/xtensa-esp32-elf/esp-2020r3-8.4.0/xtensa-esp32-elf/bin/../lib/gcc/../../lib/gcc/xtensa-esp32-elf/8.4.0/../../../../xtensa-esp32-elf/include"]
  ignore line: [#include "..." search starts here:]
  ignore line: [#include <...> search starts here:]
  ignore line: [ /home/peterglen/.espressif/tools/xtensa-esp32-elf/esp-2020r3-8.4.0/xtensa-esp32-elf/bin/../lib/gcc/xtensa-esp32-elf/8.4.0/include]
  ignore line: [ /home/peterglen/.espressif/tools/xtensa-esp32-elf/esp-2020r3-8.4.0/xtensa-esp32-elf/bin/../lib/gcc/xtensa-esp32-elf/8.4.0/include-fixed]
  ignore line: [ /home/peterglen/.espressif/tools/xtensa-esp32-elf/esp-2020r3-8.4.0/xtensa-esp32-elf/bin/../lib/gcc/xtensa-esp32-elf/8.4.0/../../../../xtensa-esp32-elf/sys-include]
  ignore line: [ /home/peterglen/.espressif/tools/xtensa-esp32-elf/esp-2020r3-8.4.0/xtensa-esp32-elf/bin/../lib/gcc/xtensa-esp32-elf/8.4.0/../../../../xtensa-esp32-elf/include]
  ignore line: [End of search list.]
  ignore line: [GNU C17 (crosstool-NG esp-2020r3) version 8.4.0 (xtensa-esp32-elf)]
  ignore line: [	compiled by GNU C version 4.9.2  GMP version 6.1.2  MPFR version 4.0.1  MPC version 1.1.0  isl version isl-0.19-GMP]
  ignore line: []
  ignore line: [GGC heuristics: --param ggc-min-expand=100 --param ggc-min-heapsize=131072]
  ignore line: [Compiler executable checksum: 30a273f5c2e3bc492245d1974b5e7b3d]
  ignore line: [COLLECT_GCC_OPTIONS='-mlongcalls' '-Wno-frame-address' '-v' '-o' 'CMakeFiles/cmTC_274a4.dir/CMakeCCompilerABI.c.obj' '-c']
  ignore line: [ /home/peterglen/.espressif/tools/xtensa-esp32-elf/esp-2020r3-8.4.0/xtensa-esp32-elf/bin/../lib/gcc/xtensa-esp32-elf/8.4.0/../../../../xtensa-esp32-elf/bin/as --traditional-format --longcalls -o CMakeFiles/cmTC_274a4.dir/CMakeCCompilerABI.c.obj /tmp/cchZ8FS4.s]
  ignore line: [COMPILER_PATH=/home/peterglen/.espressif/tools/xtensa-esp32-elf/esp-2020r3-8.4.0/xtensa-esp32-elf/bin/../libexec/gcc/xtensa-esp32-elf/8.4.0/:/home/peterglen/.espressif/tools/xtensa-esp32-elf/esp-2020r3-8.4.0/xtensa-esp32-elf/bin/../libexec/gcc/:/home/peterglen/.espressif/tools/xtensa-esp32-elf/esp-2020r3-8.4.0/xtensa-esp32-elf/bin/../lib/gcc/xtensa-esp32-elf/8.4.0/../../../../xtensa-esp32-elf/bin/]
  ignore line: [LIBRARY_PATH=/home/peterglen/.espressif/tools/xtensa-esp32-elf/esp-2020r3-8.4.0/xtensa-esp32-elf/bin/../lib/gcc/xtensa-esp32-elf/8.4.0/:/home/peterglen/.espressif/tools/xtensa-esp32-elf/esp-2020r3-8.4.0/xtensa-esp32-elf/bin/../lib/gcc/:/home/peterglen/.espressif/tools/xtensa-esp32-elf/esp-2020r3-8.4.0/xtensa-esp32-elf/bin/../lib/gcc/xtensa-esp32-elf/8.4.0/../../../../xtensa-esp32-elf/lib/]
  ignore line: [COLLECT_GCC_OPTIONS='-mlongcalls' '-Wno-frame-address' '-v' '-o' 'CMakeFiles/cmTC_274a4.dir/CMakeCCompilerABI.c.obj' '-c']
  ignore line: [Linking C executable cmTC_274a4]
  ignore line: [/usr/bin/cmake -E cmake_link_script CMakeFiles/cmTC_274a4.dir/link.txt --verbose=1]
  ignore line: [/home/peterglen/.espressif/tools/xtensa-esp32-elf/esp-2020r3-8.4.0/xtensa-esp32-elf/bin/xtensa-esp32-elf-gcc -mlongcalls -Wno-frame-address    -v CMakeFiles/cmTC_274a4.dir/CMakeCCompilerABI.c.obj  -o cmTC_274a4 ]
  ignore line: [Using built-in specs.]
  ignore line: [COLLECT_GCC=/home/peterglen/.espressif/tools/xtensa-esp32-elf/esp-2020r3-8.4.0/xtensa-esp32-elf/bin/xtensa-esp32-elf-gcc]
  ignore line: [COLLECT_LTO_WRAPPER=/home/peterglen/.espressif/tools/xtensa-esp32-elf/esp-2020r3-8.4.0/xtensa-esp32-elf/bin/../libexec/gcc/xtensa-esp32-elf/8.4.0/lto-wrapper]
  ignore line: [Target: xtensa-esp32-elf]
  ignore line: [Configured with: /builds/idf/crosstool-NG/.build/xtensa-esp32-elf/src/gcc/configure --build=x86_64-build_pc-linux-gnu --host=x86_64-build_pc-linux-gnu --target=xtensa-esp32-elf --prefix=/builds/idf/crosstool-NG/builds/xtensa-esp32-elf --with-local-prefix=/builds/idf/crosstool-NG/builds/xtensa-esp32-elf/xtensa-esp32-elf --with-headers=/builds/idf/crosstool-NG/builds/xtensa-esp32-elf/xtensa-esp32-elf/include --with-newlib --enable-threads=no --disable-shared --with-pkgversion='crosstool-NG esp-2020r3' --disable-__cxa_atexit --enable-cxx-flags=-ffunction-sections --disable-libgomp --disable-libmudflap --disable-libmpx --disable-libssp --disable-libquadmath --disable-libquadmath-support --with-gmp=/builds/idf/crosstool-NG/.build/xtensa-esp32-elf/buildtools --with-mpfr=/builds/idf/crosstool-NG/.build/xtensa-esp32-elf/buildtools --with-mpc=/builds/idf/crosstool-NG/.build/xtensa-esp32-elf/buildtools --with-isl=/builds/idf/crosstool-NG/.build/xtensa-esp32-elf/buildtools --enable-lto --enable-target-optspace --without-long-double-128 --disable-nls --enable-multiarch --enable-languages=c c++ --disable-libstdcxx-verbose --enable-threads=posix --enable-gcov-custom-rtio --enable-libstdcxx-time=yes]
  ignore line: [Thread model: posix]
  ignore line: [gcc version 8.4.0 (crosstool-NG esp-2020r3) ]
  ignore line: [COMPILER_PATH=/home/peterglen/.espressif/tools/xtensa-esp32-elf/esp-2020r3-8.4.0/xtensa-esp32-elf/bin/../libexec/gcc/xtensa-esp32-elf/8.4.0/:/home/peterglen/.espressif/tools/xtensa-esp32-elf/esp-2020r3-8.4.0/xtensa-esp32-elf/bin/../libexec/gcc/:/home/peterglen/.espressif/tools/xtensa-esp32-elf/esp-2020r3-8.4.0/xtensa-esp32-elf/bin/../lib/gcc/xtensa-esp32-elf/8.4.0/../../../../xtensa-esp32-elf/bin/]
  ignore line: [LIBRARY_PATH=/home/peterglen/.espressif/tools/xtensa-esp32-elf/esp-2020r3-8.4.0/xtensa-esp32-elf/bin/../lib/gcc/xtensa-esp32-elf/8.4.0/:/home/peterglen/.espressif/tools/xtensa-esp32-elf/esp-2020r3-8.4.0/xtensa-esp32-elf/bin/../lib/gcc/:/home/peterglen/.espressif/tools/xtensa-esp32-elf/esp-2020r3-8.4.0/xtensa-esp32-elf/bin/../lib/gcc/xtensa-esp32-elf/8.4.0/../../../../xtensa-esp32-elf/lib/]
  ignore line: [COLLECT_GCC_OPTIONS='-mlongcalls' '-Wno-frame-address' '-v' '-o' 'cmTC_274a4']
  link line: [ /home/peterglen/.espressif/tools/xtensa-esp32-elf/esp-2020r3-8.4.0/xtensa-esp32-elf/bin/../libexec/gcc/xtensa-esp32-elf/8.4.0/collect2 -plugin /home/peterglen/.espressif/tools/xtensa-esp32-elf/esp-2020r3-8.4.0/xtensa-esp32-elf/bin/../libexec/gcc/xtensa-esp32-elf/8.4.0/liblto_plugin.so -plugin-opt=/home/peterglen/.espressif/tools/xtensa-esp32-elf/esp-2020r3-8.4.0/xtensa-esp32-elf/bin/../libexec/gcc/xtensa-esp32-elf/8.4.0/lto-wrapper -plugin-opt=-fresolution=/tmp/ccz2fpRx.res -plugin-opt=-pass-through=-lgcc -plugin-opt=-pass-through=-lc -plugin-opt=-pass-through=-lnosys -plugin-opt=-pass-through=-lc -plugin-opt=-pass-through=-lgcc -o cmTC_274a4 /home/peterglen/.espressif/tools/xtensa-esp32-elf/esp-2020r3-8.4.0/xtensa-esp32-elf/bin/../lib/gcc/xtensa-esp32-elf/8.4.0/../../../../xtensa-esp32-elf/lib/crt0.o /home/peterglen/.espressif/tools/xtensa-esp32-elf/esp-2020r3-8.4.0/xtensa-esp32-elf/bin/../lib/gcc/xtensa-esp32-elf/8.4.0/crti.o /home/peterglen/.espressif/tools/xtensa-esp32-elf/esp-2020r3-8.4.0/xtensa-esp32-elf/bin/../lib/gcc/xtensa-esp32-elf/8.4.0/crtbegin.o -L/home/peterglen/.espressif/tools/xtensa-esp32-elf/esp-2020r3-8.4.0/xtensa-esp32-elf/bin/../lib/gcc/xtensa-esp32-elf/8.4.0 -L/home/peterglen/.espressif/tools/xtensa-esp32-elf/esp-2020r3-8.4.0/xtensa-esp32-elf/bin/../lib/gcc -L/home/peterglen/.espressif/tools/xtensa-esp32-elf/esp-2020r3-8.4.0/xtensa-esp32-elf/bin/../lib/gcc/xtensa-esp32-elf/8.4.0/../../../../xtensa-esp32-elf/lib CMakeFiles/cmTC_274a4.dir/CMakeCCompilerABI.c.obj -lgcc -lc -lnosys -lc -lgcc /home/peterglen/.espressif/tools/xtensa-esp32-elf/esp-2020r3-8.4.0/xtensa-esp32-elf/bin/../lib/gcc/xtensa-esp32-elf/8.4.0/crtend.o /home/peterglen/.espressif/tools/xtensa-esp32-elf/esp-2020r3-8.4.0/xtensa-esp32-elf/bin/../lib/gcc/xtensa-esp32-elf/8.4.0/crtn.o]
    arg [/home/peterglen/.espressif/tools/xtensa-esp32-elf/esp-2020r3-8.4.0/xtensa-esp32-elf/bin/../libexec/gcc/xtensa-esp32-elf/8.4.0/collect2] ==> ignore
    arg [-plugin] ==> ignore
    arg [/home/peterglen/.espressif/tools/xtensa-esp32-elf/esp-2020r3-8.4.0/xtensa-esp32-elf/bin/../libexec/gcc/xtensa-esp32-elf/8.4.0/liblto_plugin.so] ==> ignore
    arg [-plugin-opt=/home/peterglen/.espressif/tools/xtensa-esp32-elf/esp-2020r3-8.4.0/xtensa-esp32-elf/bin/../libexec/gcc/xtensa-esp32-elf/8.4.0/lto-wrapper] ==> ignore
    arg [-plugin-opt=-fresolution=/tmp/ccz2fpRx.res] ==> ignore
    arg [-plugin-opt=-pass-through=-lgcc] ==> ignore
    arg [-plugin-opt=-pass-through=-lc] ==> ignore
    arg [-plugin-opt=-pass-through=-lnosys] ==> ignore
    arg [-plugin-opt=-pass-through=-lc] ==> ignore
    arg [-plugin-opt=-pass-through=-lgcc] ==> ignore
    arg [-o] ==> ignore
    arg [cmTC_274a4] ==> ignore
    arg [/home/peterglen/.espressif/tools/xtensa-esp32-elf/esp-2020r3-8.4.0/xtensa-esp32-elf/bin/../lib/gcc/xtensa-esp32-elf/8.4.0/../../../../xtensa-esp32-elf/lib/crt0.o] ==> ignore
    arg [/home/peterglen/.espressif/tools/xtensa-esp32-elf/esp-2020r3-8.4.0/xtensa-esp32-elf/bin/../lib/gcc/xtensa-esp32-elf/8.4.0/crti.o] ==> ignore
    arg [/home/peterglen/.espressif/tools/xtensa-esp32-elf/esp-2020r3-8.4.0/xtensa-esp32-elf/bin/../lib/gcc/xtensa-esp32-elf/8.4.0/crtbegin.o] ==> ignore
    arg [-L/home/peterglen/.espressif/tools/xtensa-esp32-elf/esp-2020r3-8.4.0/xtensa-esp32-elf/bin/../lib/gcc/xtensa-esp32-elf/8.4.0] ==> dir [/home/peterglen/.espressif/tools/xtensa-esp32-elf/esp-2020r3-8.4.0/xtensa-esp32-elf/bin/../lib/gcc/xtensa-esp32-elf/8.4.0]
    arg [-L/home/peterglen/.espressif/tools/xtensa-esp32-elf/esp-2020r3-8.4.0/xtensa-esp32-elf/bin/../lib/gcc] ==> dir [/home/peterglen/.espressif/tools/xtensa-esp32-elf/esp-2020r3-8.4.0/xtensa-esp32-elf/bin/../lib/gcc]
    arg [-L/home/peterglen/.espressif/tools/xtensa-esp32-elf/esp-2020r3-8.4.0/xtensa-esp32-elf/bin/../lib/gcc/xtensa-esp32-elf/8.4.0/../../../../xtensa-esp32-elf/lib] ==> dir [/home/peterglen/.espressif/tools/xtensa-esp32-elf/esp-2020r3-8.4.0/xtensa-esp32-elf/bin/../lib/gcc/xtensa-esp32-elf/8.4.0/../../../../xtensa-esp32-elf/lib]
    arg [CMakeFiles/cmTC_274a4.dir/CMakeCCompilerABI.c.obj] ==> ignore
    arg [-lgcc] ==> lib [gcc]
    arg [-lc] ==> lib [c]
    arg [-lnosys] ==> lib [nosys]
    arg [-lc] ==> lib [c]
    arg [-lgcc] ==> lib [gcc]
    arg [/home/peterglen/.espressif/tools/xtensa-esp32-elf/esp-2020r3-8.4.0/xtensa-esp32-elf/bin/../lib/gcc/xtensa-esp32-elf/8.4.0/crtend.o] ==> ignore
    arg [/home/peterglen/.espressif/tools/xtensa-esp32-elf/esp-2020r3-8.4.0/xtensa-esp32-elf/bin/../lib/gcc/xtensa-esp32-elf/8.4.0/crtn.o] ==> ignore
  collapse library dir [/home/peterglen/.espressif/tools/xtensa-esp32-elf/esp-2020r3-8.4.0/xtensa-esp32-elf/bin/../lib/gcc/xtensa-esp32-elf/8.4.0] ==> [/home/peterglen/.espressif/tools/xtensa-esp32-elf/esp-2020r3-8.4.0/xtensa-esp32-elf/lib/gcc/xtensa-esp32-elf/8.4.0]
  collapse library dir [/home/peterglen/.espressif/tools/xtensa-esp32-elf/esp-2020r3-8.4.0/xtensa-esp32-elf/bin/../lib/gcc] ==> [/home/peterglen/.espressif/tools/xtensa-esp32-elf/esp-2020r3-8.4.0/xtensa-esp32-elf/lib/gcc]
  collapse library dir [/home/peterglen/.espressif/tools/xtensa-esp32-elf/esp-2020r3-8.4.0/xtensa-esp32-elf/bin/../lib/gcc/xtensa-esp32-elf/8.4.0/../../../../xtensa-esp32-elf/lib] ==> [/home/peterglen/.espressif/tools/xtensa-esp32-elf/esp-2020r3-8.4.0/xtensa-esp32-elf/xtensa-esp32-elf/lib]
  implicit libs: [gcc;c;nosys;c;gcc]
  implicit dirs: [/home/peterglen/.espressif/tools/xtensa-esp32-elf/esp-2020r3-8.4.0/xtensa-esp32-elf/lib/gcc/xtensa-esp32-elf/8.4.0;/home/peterglen/.espressif/tools/xtensa-esp32-elf/esp-2020r3-8.4.0/xtensa-esp32-elf/lib/gcc;/home/peterglen/.espressif/tools/xtensa-esp32-elf/esp-2020r3-8.4.0/xtensa-esp32-elf/xtensa-esp32-elf/lib]
  implicit fwks: []


Determining if the CXX compiler works passed with the following output:
Change Dir: /akostar/esp32-s2/esp-s2code/ftm/CMakeFiles/CMakeTmp

Run Build Command(s):/usr/bin/gmake cmTC_c2d24/fast && gmake[1]: Entering directory '/akostar/esp32-s2/esp-s2code/ftm/CMakeFiles/CMakeTmp'
/usr/bin/gmake -f CMakeFiles/cmTC_c2d24.dir/build.make CMakeFiles/cmTC_c2d24.dir/build
gmake[2]: Entering directory '/akostar/esp32-s2/esp-s2code/ftm/CMakeFiles/CMakeTmp'
Building CXX object CMakeFiles/cmTC_c2d24.dir/testCXXCompiler.cxx.obj
/home/peterglen/.espressif/tools/xtensa-esp32-elf/esp-2020r3-8.4.0/xtensa-esp32-elf/bin/xtensa-esp32-elf-g++    -mlongcalls -Wno-frame-address    -o CMakeFiles/cmTC_c2d24.dir/testCXXCompiler.cxx.obj -c /akostar/esp32-s2/esp-s2code/ftm/CMakeFiles/CMakeTmp/testCXXCompiler.cxx
Linking CXX executable cmTC_c2d24
/usr/bin/cmake -E cmake_link_script CMakeFiles/cmTC_c2d24.dir/link.txt --verbose=1
/home/peterglen/.espressif/tools/xtensa-esp32-elf/esp-2020r3-8.4.0/xtensa-esp32-elf/bin/xtensa-esp32-elf-g++  -mlongcalls -Wno-frame-address     CMakeFiles/cmTC_c2d24.dir/testCXXCompiler.cxx.obj  -o cmTC_c2d24 
gmake[2]: Leaving directory '/akostar/esp32-s2/esp-s2code/ftm/CMakeFiles/CMakeTmp'
gmake[1]: Leaving directory '/akostar/esp32-s2/esp-s2code/ftm/CMakeFiles/CMakeTmp'



Detecting CXX compiler ABI info compiled with the following output:
Change Dir: /akostar/esp32-s2/esp-s2code/ftm/CMakeFiles/CMakeTmp

Run Build Command(s):/usr/bin/gmake cmTC_11aae/fast && gmake[1]: Entering directory '/akostar/esp32-s2/esp-s2code/ftm/CMakeFiles/CMakeTmp'
/usr/bin/gmake -f CMakeFiles/cmTC_11aae.dir/build.make CMakeFiles/cmTC_11aae.dir/build
gmake[2]: Entering directory '/akostar/esp32-s2/esp-s2code/ftm/CMakeFiles/CMakeTmp'
Building CXX object CMakeFiles/cmTC_11aae.dir/CMakeCXXCompilerABI.cpp.obj
/home/peterglen/.espressif/tools/xtensa-esp32-elf/esp-2020r3-8.4.0/xtensa-esp32-elf/bin/xtensa-esp32-elf-g++    -mlongcalls -Wno-frame-address    -v -o CMakeFiles/cmTC_11aae.dir/CMakeCXXCompilerABI.cpp.obj -c /usr/share/cmake-3.16/Modules/CMakeCXXCompilerABI.cpp
Using built-in specs.
COLLECT_GCC=/home/peterglen/.espressif/tools/xtensa-esp32-elf/esp-2020r3-8.4.0/xtensa-esp32-elf/bin/xtensa-esp32-elf-g++
Target: xtensa-esp32-elf
Configured with: /builds/idf/crosstool-NG/.build/xtensa-esp32-elf/src/gcc/configure --build=x86_64-build_pc-linux-gnu --host=x86_64-build_pc-linux-gnu --target=xtensa-esp32-elf --prefix=/builds/idf/crosstool-NG/builds/xtensa-esp32-elf --with-local-prefix=/builds/idf/crosstool-NG/builds/xtensa-esp32-elf/xtensa-esp32-elf --with-headers=/builds/idf/crosstool-NG/builds/xtensa-esp32-elf/xtensa-esp32-elf/include --with-newlib --enable-threads=no --disable-shared --with-pkgversion='crosstool-NG esp-2020r3' --disable-__cxa_atexit --enable-cxx-flags=-ffunction-sections --disable-libgomp --disable-libmudflap --disable-libmpx --disable-libssp --disable-libquadmath --disable-libquadmath-support --with-gmp=/builds/idf/crosstool-NG/.build/xtensa-esp32-elf/buildtools --with-mpfr=/builds/idf/crosstool-NG/.build/xtensa-esp32-elf/buildtools --with-mpc=/builds/idf/crosstool-NG/.build/xtensa-esp32-elf/buildtools --with-isl=/builds/idf/crosstool-NG/.build/xtensa-esp32-elf/buildtools --enable-lto --enable-target-optspace --without-long-double-128 --disable-nls --enable-multiarch --enable-languages=c,c++ --disable-libstdcxx-verbose --enable-threads=posix --enable-gcov-custom-rtio --enable-libstdcxx-time=yes
Thread model: posix
gcc version 8.4.0 (crosstool-NG esp-2020r3) 
COLLECT_GCC_OPTIONS='-mlongcalls' '-Wno-frame-address' '-v' '-o' 'CMakeFiles/cmTC_11aae.dir/CMakeCXXCompilerABI.cpp.obj' '-c'
 /home/peterglen/.espressif/tools/xtensa-esp32-elf/esp-2020r3-8.4.0/xtensa-esp32-elf/bin/../libexec/gcc/xtensa-esp32-elf/8.4.0/cc1plus -quiet -v -iprefix /home/peterglen/.espressif/tools/xtensa-esp32-elf/esp-2020r3-8.4.0/xtensa-esp32-elf/bin/../lib/gcc/xtensa-esp32-elf/8.4.0/ /usr/share/cmake-3.16/Modules/CMakeCXXCompilerABI.cpp -quiet -dumpbase CMakeCXXCompilerABI.cpp -mlongcalls -auxbase-strip CMakeFiles/cmTC_11aae.dir/CMakeCXXCompilerABI.cpp.obj -Wno-frame-address -version -o /tmp/ccABsTL0.s
GNU C++14 (crosstool-NG esp-2020r3) version 8.4.0 (xtensa-esp32-elf)
	compiled by GNU C version 4.9.2, GMP version 6.1.2, MPFR version 4.0.1, MPC version 1.1.0, isl version isl-0.19-GMP

GGC heuristics: --param ggc-min-expand=100 --param ggc-min-heapsize=131072
ignoring duplicate directory "/home/peterglen/.espressif/tools/xtensa-esp32-elf/esp-2020r3-8.4.0/xtensa-esp32-elf/bin/../lib/gcc/../../lib/gcc/xtensa-esp32-elf/8.4.0/../../../../xtensa-esp32-elf/include/c++/8.4.0"
ignoring duplicate directory "/home/peterglen/.espressif/tools/xtensa-esp32-elf/esp-2020r3-8.4.0/xtensa-esp32-elf/bin/../lib/gcc/../../lib/gcc/xtensa-esp32-elf/8.4.0/../../../../xtensa-esp32-elf/include/c++/8.4.0/xtensa-esp32-elf"
ignoring duplicate directory "/home/peterglen/.espressif/tools/xtensa-esp32-elf/esp-2020r3-8.4.0/xtensa-esp32-elf/bin/../lib/gcc/../../lib/gcc/xtensa-esp32-elf/8.4.0/../../../../xtensa-esp32-elf/include/c++/8.4.0/backward"
ignoring duplicate directory "/home/peterglen/.espressif/tools/xtensa-esp32-elf/esp-2020r3-8.4.0/xtensa-esp32-elf/bin/../lib/gcc/../../lib/gcc/xtensa-esp32-elf/8.4.0/include"
ignoring duplicate directory "/home/peterglen/.espressif/tools/xtensa-esp32-elf/esp-2020r3-8.4.0/xtensa-esp32-elf/bin/../lib/gcc/../../lib/gcc/xtensa-esp32-elf/8.4.0/include-fixed"
ignoring duplicate directory "/home/peterglen/.espressif/tools/xtensa-esp32-elf/esp-2020r3-8.4.0/xtensa-esp32-elf/bin/../lib/gcc/../../lib/gcc/xtensa-esp32-elf/8.4.0/../../../../xtensa-esp32-elf/sys-include"
ignoring duplicate directory "/home/peterglen/.espressif/tools/xtensa-esp32-elf/esp-2020r3-8.4.0/xtensa-esp32-elf/bin/../lib/gcc/../../lib/gcc/xtensa-esp32-elf/8.4.0/../../../../xtensa-esp32-elf/include"
#include "..." search starts here:
#include <...> search starts here:
 /home/peterglen/.espressif/tools/xtensa-esp32-elf/esp-2020r3-8.4.0/xtensa-esp32-elf/bin/../lib/gcc/xtensa-esp32-elf/8.4.0/../../../../xtensa-esp32-elf/include/c++/8.4.0
 /home/peterglen/.espressif/tools/xtensa-esp32-elf/esp-2020r3-8.4.0/xtensa-esp32-elf/bin/../lib/gcc/xtensa-esp32-elf/8.4.0/../../../../xtensa-esp32-elf/include/c++/8.4.0/xtensa-esp32-elf
 /home/peterglen/.espressif/tools/xtensa-esp32-elf/esp-2020r3-8.4.0/xtensa-esp32-elf/bin/../lib/gcc/xtensa-esp32-elf/8.4.0/../../../../xtensa-esp32-elf/include/c++/8.4.0/backward
 /home/peterglen/.espressif/tools/xtensa-esp32-elf/esp-2020r3-8.4.0/xtensa-esp32-elf/bin/../lib/gcc/xtensa-esp32-elf/8.4.0/include
 /home/peterglen/.espressif/tools/xtensa-esp32-elf/esp-2020r3-8.4.0/xtensa-esp32-elf/bin/../lib/gcc/xtensa-esp32-elf/8.4.0/include-fixed
 /home/peterglen/.espressif/tools/xtensa-esp32-elf/esp-2020r3-8.4.0/xtensa-esp32-elf/bin/../lib/gcc/xtensa-esp32-elf/8.4.0/../../../../xtensa-esp32-elf/sys-include
 /home/peterglen/.espressif/tools/xtensa-esp32-elf/esp-2020r3-8.4.0/xtensa-esp32-elf/bin/../lib/gcc/xtensa-esp32-elf/8.4.0/../../../../xtensa-esp32-elf/include
End of search list.
GNU C++14 (crosstool-NG esp-2020r3) version 8.4.0 (xtensa-esp32-elf)
	compiled by GNU C version 4.9.2, GMP version 6.1.2, MPFR version 4.0.1, MPC version 1.1.0, isl version isl-0.19-GMP

GGC heuristics: --param ggc-min-expand=100 --param ggc-min-heapsize=131072
Compiler executable checksum: 8d3d7cf4a9615fb0943a530e8219815c
COLLECT_GCC_OPTIONS='-mlongcalls' '-Wno-frame-address' '-v' '-o' 'CMakeFiles/cmTC_11aae.dir/CMakeCXXCompilerABI.cpp.obj' '-c'
 /home/peterglen/.espressif/tools/xtensa-esp32-elf/esp-2020r3-8.4.0/xtensa-esp32-elf/bin/../lib/gcc/xtensa-esp32-elf/8.4.0/../../../../xtensa-esp32-elf/bin/as --traditional-format --longcalls -o CMakeFiles/cmTC_11aae.dir/CMakeCXXCompilerABI.cpp.obj /tmp/ccABsTL0.s
COMPILER_PATH=/home/peterglen/.espressif/tools/xtensa-esp32-elf/esp-2020r3-8.4.0/xtensa-esp32-elf/bin/../libexec/gcc/xtensa-esp32-elf/8.4.0/:/home/peterglen/.espressif/tools/xtensa-esp32-elf/esp-2020r3-8.4.0/xtensa-esp32-elf/bin/../libexec/gcc/:/home/peterglen/.espressif/tools/xtensa-esp32-elf/esp-2020r3-8.4.0/xtensa-esp32-elf/bin/../lib/gcc/xtensa-esp32-elf/8.4.0/../../../../xtensa-esp32-elf/bin/
LIBRARY_PATH=/home/peterglen/.espressif/tools/xtensa-esp32-elf/esp-2020r3-8.4.0/xtensa-esp32-elf/bin/../lib/gcc/xtensa-esp32-elf/8.4.0/:/home/peterglen/.espressif/tools/xtensa-esp32-elf/esp-2020r3-8.4.0/xtensa-esp32-elf/bin/../lib/gcc/:/home/peterglen/.espressif/tools/xtensa-esp32-elf/esp-2020r3-8.4.0/xtensa-esp32-elf/bin/../lib/gcc/xtensa-esp32-elf/8.4.0/../../../../xtensa-esp32-elf/lib/
COLLECT_GCC_OPTIONS='-mlongcalls' '-Wno-frame-address' '-v' '-o' 'CMakeFiles/cmTC_11aae.dir/CMakeCXXCompilerABI.cpp.obj' '-c'
Linking CXX executable cmTC_11aae
/usr/bin/cmake -E cmake_link_script CMakeFiles/cmTC_11aae.dir/link.txt --verbose=1
/home/peterglen/.espressif/tools/xtensa-esp32-elf/esp-2020r3-8.4.0/xtensa-esp32-elf/bin/xtensa-esp32-elf-g++  -mlongcalls -Wno-frame-address    -v CMakeFiles/cmTC_11aae.dir/CMakeCXXCompilerABI.cpp.obj  -o cmTC_11aae 
Using built-in specs.
COLLECT_GCC=/home/peterglen/.espressif/tools/xtensa-esp32-elf/esp-2020r3-8.4.0/xtensa-esp32-elf/bin/xtensa-esp32-elf-g++
COLLECT_LTO_WRAPPER=/home/peterglen/.espressif/tools/xtensa-esp32-elf/esp-2020r3-8.4.0/xtensa-esp32-elf/bin/../libexec/gcc/xtensa-esp32-elf/8.4.0/lto-wrapper
Target: xtensa-esp32-elf
Configured with: /builds/idf/crosstool-NG/.build/xtensa-esp32-elf/src/gcc/configure --build=x86_64-build_pc-linux-gnu --host=x86_64-build_pc-linux-gnu --target=xtensa-esp32-elf --prefix=/builds/idf/crosstool-NG/builds/xtensa-esp32-elf --with-local-prefix=/builds/idf/crosstool-NG/builds/xtensa-esp32-elf/xtensa-esp32-elf --with-headers=/builds/idf/crosstool-NG/builds/xtensa-esp32-elf/xtensa-esp32-elf/include --with-newlib --enable-threads=no --disable-shared --with-pkgversion='crosstool-NG esp-2020r3' --disable-__cxa_atexit --enable-cxx-flags=-ffunction-sections --disable-libgomp --disable-libmudflap --disable-libmpx --disable-libssp --disable-libquadmath --disable-libquadmath-support --with-gmp=/builds/idf/crosstool-NG/.build/xtensa-esp32-elf/buildtools --with-mpfr=/builds/idf/crosstool-NG/.build/xtensa-esp32-elf/buildtools --with-mpc=/builds/idf/crosstool-NG/.build/xtensa-esp32-elf/buildtools --with-isl=/builds/idf/crosstool-NG/.build/xtensa-esp32-elf/buildtools --enable-lto --enable-target-optspace --without-long-double-128 --disable-nls --enable-multiarch --enable-languages=c,c++ --disable-libstdcxx-verbose --enable-threads=posix --enable-gcov-custom-rtio --enable-libstdcxx-time=yes
Thread model: posix
gcc version 8.4.0 (crosstool-NG esp-2020r3) 
COMPILER_PATH=/home/peterglen/.espressif/tools/xtensa-esp32-elf/esp-2020r3-8.4.0/xtensa-esp32-elf/bin/../libexec/gcc/xtensa-esp32-elf/8.4.0/:/home/peterglen/.espressif/tools/xtensa-esp32-elf/esp-2020r3-8.4.0/xtensa-esp32-elf/bin/../libexec/gcc/:/home/peterglen/.espressif/tools/xtensa-esp32-elf/esp-2020r3-8.4.0/xtensa-esp32-elf/bin/../lib/gcc/xtensa-esp32-elf/8.4.0/../../../../xtensa-esp32-elf/bin/
LIBRARY_PATH=/home/peterglen/.espressif/tools/xtensa-esp32-elf/esp-2020r3-8.4.0/xtensa-esp32-elf/bin/../lib/gcc/xtensa-esp32-elf/8.4.0/:/home/peterglen/.espressif/tools/xtensa-esp32-elf/esp-2020r3-8.4.0/xtensa-esp32-elf/bin/../lib/gcc/:/home/peterglen/.espressif/tools/xtensa-esp32-elf/esp-2020r3-8.4.0/xtensa-esp32-elf/bin/../lib/gcc/xtensa-esp32-elf/8.4.0/../../../../xtensa-esp32-elf/lib/
COLLECT_GCC_OPTIONS='-mlongcalls' '-Wno-frame-address' '-v' '-o' 'cmTC_11aae'
 /home/peterglen/.espressif/tools/xtensa-esp32-elf/esp-2020r3-8.4.0/xtensa-esp32-elf/bin/../libexec/gcc/xtensa-esp32-elf/8.4.0/collect2 -plugin /home/peterglen/.espressif/tools/xtensa-esp32-elf/esp-2020r3-8.4.0/xtensa-esp32-elf/bin/../libexec/gcc/xtensa-esp32-elf/8.4.0/liblto_plugin.so -plugin-opt=/home/peterglen/.espressif/tools/xtensa-esp32-elf/esp-2020r3-8.4.0/xtensa-esp32-elf/bin/../libexec/gcc/xtensa-esp32-elf/8.4.0/lto-wrapper -plugin-opt=-fresolution=/tmp/ccssYWrw.res -plugin-opt=-pass-through=-lgcc -plugin-opt=-pass-through=-lc -plugin-opt=-pass-through=-lnosys -plugin-opt=-pass-through=-lc -plugin-opt=-pass-through=-lgcc -o cmTC_11aae /home/peterglen/.espressif/tools/xtensa-esp32-elf/esp-2020r3-8.4.0/xtensa-esp32-elf/bin/../lib/gcc/xtensa-esp32-elf/8.4.0/../../../../xtensa-esp32-elf/lib/crt0.o /home/peterglen/.espressif/tools/xtensa-esp32-elf/esp-2020r3-8.4.0/xtensa-esp32-elf/bin/../lib/gcc/xtensa-esp32-elf/8.4.0/crti.o /home/peterglen/.espressif/tools/xtensa-esp32-elf/esp-2020r3-8.4.0/xtensa-esp32-elf/bin/../lib/gcc/xtensa-esp32-elf/8.4.0/crtbegin.o -L/home/peterglen/.espressif/tools/xtensa-esp32-elf/esp-2020r3-8.4.0/xtensa-esp32-elf/bin/../lib/gcc/xtensa-esp32-elf/8.4.0 -L/home/peterglen/.espressif/tools/xtensa-esp32-elf/esp-2020r3-8.4.0/xtensa-esp32-elf/bin/../lib/gcc -L/home/peterglen/.espressif/tools/xtensa-esp32-elf/esp-2020r3-8.4.0/xtensa-esp32-elf/bin/../lib/gcc/xtensa-esp32-elf/8.4.0/../../../../xtensa-esp32-elf/lib CMakeFiles/cmTC_11aae.dir/CMakeCXXCompilerABI.cpp.obj -lstdc++ -lm -lgcc -lc -lnosys -lc -lgcc /home/peterglen/.espressif/tools/xtensa-esp32-elf/esp-2020r3-8.4.0/xtensa-esp32-elf/bin/../lib/gcc/xtensa-esp32-elf/8.4.0/crtend.o /home/peterglen/.espressif/tools/xtensa-esp32-elf/esp-2020r3-8.4.0/xtensa-esp32-elf/bin/../lib/gcc/xtensa-esp32-elf/8.4.0/crtn.o
COLLECT_GCC_OPTIONS='-mlongcalls' '-Wno-frame-address' '-v' '-o' 'cmTC_11aae'
gmake[2]: Leaving directory '/akostar/esp32-s2/esp-s2code/ftm/CMakeFiles/CMakeTmp'
gmake[1]: Leaving directory '/akostar/esp32-s2/esp-s2code/ftm/CMakeFiles/CMakeTmp'



Parsed CXX implicit include dir info from above output: rv=done
  found start of include info
  found start of implicit include info
    add: [/home/peterglen/.espressif/tools/xtensa-esp32-elf/esp-2020r3-8.4.0/xtensa-esp32-elf/bin/../lib/gcc/xtensa-esp32-elf/8.4.0/../../../../xtensa-esp32-elf/include/c++/8.4.0]
    add: [/home/peterglen/.espressif/tools/xtensa-esp32-elf/esp-2020r3-8.4.0/xtensa-esp32-elf/bin/../lib/gcc/xtensa-esp32-elf/8.4.0/../../../../xtensa-esp32-elf/include/c++/8.4.0/xtensa-esp32-elf]
    add: [/home/peterglen/.espressif/tools/xtensa-esp32-elf/esp-2020r3-8.4.0/xtensa-esp32-elf/bin/../lib/gcc/xtensa-esp32-elf/8.4.0/../../../../xtensa-esp32-elf/include/c++/8.4.0/backward]
    add: [/home/peterglen/.espressif/tools/xtensa-esp32-elf/esp-2020r3-8.4.0/xtensa-esp32-elf/bin/../lib/gcc/xtensa-esp32-elf/8.4.0/include]
    add: [/home/peterglen/.espressif/tools/xtensa-esp32-elf/esp-2020r3-8.4.0/xtensa-esp32-elf/bin/../lib/gcc/xtensa-esp32-elf/8.4.0/include-fixed]
    add: [/home/peterglen/.espressif/tools/xtensa-esp32-elf/esp-2020r3-8.4.0/xtensa-esp32-elf/bin/../lib/gcc/xtensa-esp32-elf/8.4.0/../../../../xtensa-esp32-elf/sys-include]
    add: [/home/peterglen/.espressif/tools/xtensa-esp32-elf/esp-2020r3-8.4.0/xtensa-esp32-elf/bin/../lib/gcc/xtensa-esp32-elf/8.4.0/../../../../xtensa-esp32-elf/include]
  end of search list found
  collapse include dir [/home/peterglen/.espressif/tools/xtensa-esp32-elf/esp-2020r3-8.4.0/xtensa-esp32-elf/bin/../lib/gcc/xtensa-esp32-elf/8.4.0/../../../../xtensa-esp32-elf/include/c++/8.4.0] ==> [/home/peterglen/.espressif/tools/xtensa-esp32-elf/esp-2020r3-8.4.0/xtensa-esp32-elf/xtensa-esp32-elf/include/c++/8.4.0]
  collapse include dir [/home/peterglen/.espressif/tools/xtensa-esp32-elf/esp-2020r3-8.4.0/xtensa-esp32-elf/bin/../lib/gcc/xtensa-esp32-elf/8.4.0/../../../../xtensa-esp32-elf/include/c++/8.4.0/xtensa-esp32-elf] ==> [/home/peterglen/.espressif/tools/xtensa-esp32-elf/esp-2020r3-8.4.0/xtensa-esp32-elf/xtensa-esp32-elf/include/c++/8.4.0/xtensa-esp32-elf]
  collapse include dir [/home/peterglen/.espressif/tools/xtensa-esp32-elf/esp-2020r3-8.4.0/xtensa-esp32-elf/bin/../lib/gcc/xtensa-esp32-elf/8.4.0/../../../../xtensa-esp32-elf/include/c++/8.4.0/backward] ==> [/home/peterglen/.espressif/tools/xtensa-esp32-elf/esp-2020r3-8.4.0/xtensa-esp32-elf/xtensa-esp32-elf/include/c++/8.4.0/backward]
  collapse include dir [/home/peterglen/.espressif/tools/xtensa-esp32-elf/esp-2020r3-8.4.0/xtensa-esp32-elf/bin/../lib/gcc/xtensa-esp32-elf/8.4.0/include] ==> [/home/peterglen/.espressif/tools/xtensa-esp32-elf/esp-2020r3-8.4.0/xtensa-esp32-elf/lib/gcc/xtensa-esp32-elf/8.4.0/include]
  collapse include dir [/home/peterglen/.espressif/tools/xtensa-esp32-elf/esp-2020r3-8.4.0/xtensa-esp32-elf/bin/../lib/gcc/xtensa-esp32-elf/8.4.0/include-fixed] ==> [/home/peterglen/.espressif/tools/xtensa-esp32-elf/esp-2020r3-8.4.0/xtensa-esp32-elf/lib/gcc/xtensa-esp32-elf/8.4.0/include-fixed]
  collapse include dir [/home/peterglen/.espressif/tools/xtensa-esp32-elf/esp-2020r3-8.4.0/xtensa-esp32-elf/bin/../lib/gcc/xtensa-esp32-elf/8.4.0/../../../../xtensa-esp32-elf/sys-include] ==> [/home/peterglen/.espressif/tools/xtensa-esp32-elf/esp-2020r3-8.4.0/xtensa-esp32-elf/xtensa-esp32-elf/sys-include]
  collapse include dir [/home/peterglen/.espressif/tools/xtensa-esp32-elf/esp-2020r3-8.4.0/xtensa-esp32-elf/bin/../lib/gcc/xtensa-esp32-elf/8.4.0/../../../../xtensa-esp32-elf/include] ==> [/home/peterglen/.espressif/tools/xtensa-esp32-elf/esp-2020r3-8.4.0/xtensa-esp32-elf/xtensa-esp32-elf/include]
  implicit include dirs: [/home/peterglen/.espressif/tools/xtensa-esp32-elf/esp-2020r3-8.4.0/xtensa-esp32-elf/xtensa-esp32-elf/include/c++/8.4.0;/home/peterglen/.espressif/tools/xtensa-esp32-elf/esp-2020r3-8.4.0/xtensa-esp32-elf/xtensa-esp32-elf/include/c++/8.4.0/xtensa-esp32-elf;/home/peterglen/.espressif/tools/xtensa-esp32-elf/esp-2020r3-8.4.0/xtensa-esp32-elf/xtensa-esp32-elf/include/c++/8.4.0/backward;/home/peterglen/.espressif/tools/xtensa-esp32-elf/esp-2020r3-8.4.0/xtensa-esp32-elf/lib/gcc/xtensa-esp32-elf/8.4.0/include;/home/peterglen/.espressif/tools/xtensa-esp32-elf/esp-2020r3-8.4.0/xtensa-esp32-elf/lib/gcc/xtensa-esp32-elf/8.4.0/include-fixed;/home/peterglen/.espressif/tools/xtensa-esp32-elf/esp-2020r3-8.4.0/xtensa-esp32-elf/xtensa-esp32-elf/sys-include;/home/peterglen/.espressif/tools/xtensa-esp32-elf/esp-2020r3-8.4.0/xtensa-esp32-elf/xtensa-esp32-elf/include]


Parsed CXX implicit link information from above output:
  link line regex: [^( *|.*[/\])(xtensa-esp32-elf-ld|CMAKE_LINK_STARTFILE-NOTFOUND|([^/\]+-)?ld|collect2)[^/\]*( |$)]
  ignore line: [Change Dir: /akostar/esp32-s2/esp-s2code/ftm/CMakeFiles/CMakeTmp]
  ignore line: []
  ignore line: [Run Build Command(s):/usr/bin/gmake cmTC_11aae/fast && gmake[1]: Entering directory '/akostar/esp32-s2/esp-s2code/ftm/CMakeFiles/CMakeTmp']
  ignore line: [/usr/bin/gmake -f CMakeFiles/cmTC_11aae.dir/build.make CMakeFiles/cmTC_11aae.dir/build]
  ignore line: [gmake[2]: Entering directory '/akostar/esp32-s2/esp-s2code/ftm/CMakeFiles/CMakeTmp']
  ignore line: [Building CXX object CMakeFiles/cmTC_11aae.dir/CMakeCXXCompilerABI.cpp.obj]
  ignore line: [/home/peterglen/.espressif/tools/xtensa-esp32-elf/esp-2020r3-8.4.0/xtensa-esp32-elf/bin/xtensa-esp32-elf-g++    -mlongcalls -Wno-frame-address    -v -o CMakeFiles/cmTC_11aae.dir/CMakeCXXCompilerABI.cpp.obj -c /usr/share/cmake-3.16/Modules/CMakeCXXCompilerABI.cpp]
  ignore line: [Using built-in specs.]
  ignore line: [COLLECT_GCC=/home/peterglen/.espressif/tools/xtensa-esp32-elf/esp-2020r3-8.4.0/xtensa-esp32-elf/bin/xtensa-esp32-elf-g++]
  ignore line: [Target: xtensa-esp32-elf]
  ignore line: [Configured with: /builds/idf/crosstool-NG/.build/xtensa-esp32-elf/src/gcc/configure --build=x86_64-build_pc-linux-gnu --host=x86_64-build_pc-linux-gnu --target=xtensa-esp32-elf --prefix=/builds/idf/crosstool-NG/builds/xtensa-esp32-elf --with-local-prefix=/builds/idf/crosstool-NG/builds/xtensa-esp32-elf/xtensa-esp32-elf --with-headers=/builds/idf/crosstool-NG/builds/xtensa-esp32-elf/xtensa-esp32-elf/include --with-newlib --enable-threads=no --disable-shared --with-pkgversion='crosstool-NG esp-2020r3' --disable-__cxa_atexit --enable-cxx-flags=-ffunction-sections --disable-libgomp --disable-libmudflap --disable-libmpx --disable-libssp --disable-libquadmath --disable-libquadmath-support --with-gmp=/builds/idf/crosstool-NG/.build/xtensa-esp32-elf/buildtools --with-mpfr=/builds/idf/crosstool-NG/.build/xtensa-esp32-elf/buildtools --with-mpc=/builds/idf/crosstool-NG/.build/xtensa-esp32-elf/buildtools --with-isl=/builds/idf/crosstool-NG/.build/xtensa-esp32-elf/buildtools --enable-lto --enable-target-optspace --without-long-double-128 --disable-nls --enable-multiarch --enable-languages=c c++ --disable-libstdcxx-verbose --enable-threads=posix --enable-gcov-custom-rtio --enable-libstdcxx-time=yes]
  ignore line: [Thread model: posix]
  ignore line: [gcc version 8.4.0 (crosstool-NG esp-2020r3) ]
  ignore line: [COLLECT_GCC_OPTIONS='-mlongcalls' '-Wno-frame-address' '-v' '-o' 'CMakeFiles/cmTC_11aae.dir/CMakeCXXCompilerABI.cpp.obj' '-c']
  ignore line: [ /home/peterglen/.espressif/tools/xtensa-esp32-elf/esp-2020r3-8.4.0/xtensa-esp32-elf/bin/../libexec/gcc/xtensa-esp32-elf/8.4.0/cc1plus -quiet -v -iprefix /home/peterglen/.espressif/tools/xtensa-esp32-elf/esp-2020r3-8.4.0/xtensa-esp32-elf/bin/../lib/gcc/xtensa-esp32-elf/8.4.0/ /usr/share/cmake-3.16/Modules/CMakeCXXCompilerABI.cpp -quiet -dumpbase CMakeCXXCompilerABI.cpp -mlongcalls -auxbase-strip CMakeFiles/cmTC_11aae.dir/CMakeCXXCompilerABI.cpp.obj -Wno-frame-address -version -o /tmp/ccABsTL0.s]
  ignore line: [GNU C++14 (crosstool-NG esp-2020r3) version 8.4.0 (xtensa-esp32-elf)]
  ignore line: [	compiled by GNU C version 4.9.2  GMP version 6.1.2  MPFR version 4.0.1  MPC version 1.1.0  isl version isl-0.19-GMP]
  ignore line: []
  ignore line: [GGC heuristics: --param ggc-min-expand=100 --param ggc-min-heapsize=131072]
  ignore line: [ignoring duplicate directory "/home/peterglen/.espressif/tools/xtensa-esp32-elf/esp-2020r3-8.4.0/xtensa-esp32-elf/bin/../lib/gcc/../../lib/gcc/xtensa-esp32-elf/8.4.0/../../../../xtensa-esp32-elf/include/c++/8.4.0"]
  ignore line: [ignoring duplicate directory "/home/peterglen/.espressif/tools/xtensa-esp32-elf/esp-2020r3-8.4.0/xtensa-esp32-elf/bin/../lib/gcc/../../lib/gcc/xtensa-esp32-elf/8.4.0/../../../../xtensa-esp32-elf/include/c++/8.4.0/xtensa-esp32-elf"]
  ignore line: [ignoring duplicate directory "/home/peterglen/.espressif/tools/xtensa-esp32-elf/esp-2020r3-8.4.0/xtensa-esp32-elf/bin/../lib/gcc/../../lib/gcc/xtensa-esp32-elf/8.4.0/../../../../xtensa-esp32-elf/include/c++/8.4.0/backward"]
  ignore line: [ignoring duplicate directory "/home/peterglen/.espressif/tools/xtensa-esp32-elf/esp-2020r3-8.4.0/xtensa-esp32-elf/bin/../lib/gcc/../../lib/gcc/xtensa-esp32-elf/8.4.0/include"]
  ignore line: [ignoring duplicate directory "/home/peterglen/.espressif/tools/xtensa-esp32-elf/esp-2020r3-8.4.0/xtensa-esp32-elf/bin/../lib/gcc/../../lib/gcc/xtensa-esp32-elf/8.4.0/include-fixed"]
  ignore line: [ignoring duplicate directory "/home/peterglen/.espressif/tools/xtensa-esp32-elf/esp-2020r3-8.4.0/xtensa-esp32-elf/bin/../lib/gcc/../../lib/gcc/xtensa-esp32-elf/8.4.0/../../../../xtensa-esp32-elf/sys-include"]
  ignore line: [ignoring duplicate directory "/home/peterglen/.espressif/tools/xtensa-esp32-elf/esp-2020r3-8.4.0/xtensa-esp32-elf/bin/../lib/gcc/../../lib/gcc/xtensa-esp32-elf/8.4.0/../../../../xtensa-esp32-elf/include"]
  ignore line: [#include "..." search starts here:]
  ignore line: [#include <...> search starts here:]
  ignore line: [ /home/peterglen/.espressif/tools/xtensa-esp32-elf/esp-2020r3-8.4.0/xtensa-esp32-elf/bin/../lib/gcc/xtensa-esp32-elf/8.4.0/../../../../xtensa-esp32-elf/include/c++/8.4.0]
  ignore line: [ /home/peterglen/.espressif/tools/xtensa-esp32-elf/esp-2020r3-8.4.0/xtensa-esp32-elf/bin/../lib/gcc/xtensa-esp32-elf/8.4.0/../../../../xtensa-esp32-elf/include/c++/8.4.0/xtensa-esp32-elf]
  ignore line: [ /home/peterglen/.espressif/tools/xtensa-esp32-elf/esp-2020r3-8.4.0/xtensa-esp32-elf/bin/../lib/gcc/xtensa-esp32-elf/8.4.0/../../../../xtensa-esp32-elf/include/c++/8.4.0/backward]
  ignore line: [ /home/peterglen/.espressif/tools/xtensa-esp32-elf/esp-2020r3-8.4.0/xtensa-esp32-elf/bin/../lib/gcc/xtensa-esp32-elf/8.4.0/include]
  ignore line: [ /home/peterglen/.espressif/tools/xtensa-esp32-elf/esp-2020r3-8.4.0/xtensa-esp32-elf/bin/../lib/gcc/xtensa-esp32-elf/8.4.0/include-fixed]
  ignore line: [ /home/peterglen/.espressif/tools/xtensa-esp32-elf/esp-2020r3-8.4.0/xtensa-esp32-elf/bin/../lib/gcc/xtensa-esp32-elf/8.4.0/../../../../xtensa-esp32-elf/sys-include]
  ignore line: [ /home/peterglen/.espressif/tools/xtensa-esp32-elf/esp-2020r3-8.4.0/xtensa-esp32-elf/bin/../lib/gcc/xtensa-esp32-elf/8.4.0/../../../../xtensa-esp32-elf/include]
  ignore line: [End of search list.]
  ignore line: [GNU C++14 (crosstool-NG esp-2020r3) version 8.4.0 (xtensa-esp32-elf)]
  ignore line: [	compiled by GNU C version 4.9.2  GMP version 6.1.2  MPFR version 4.0.1  MPC version 1.1.0  isl version isl-0.19-GMP]
  ignore line: []
  ignore line: [GGC heuristics: --param ggc-min-expand=100 --param ggc-min-heapsize=131072]
  ignore line: [Compiler executable checksum: 8d3d7cf4a9615fb0943a530e8219815c]
  ignore line: [COLLECT_GCC_OPTIONS='-mlongcalls' '-Wno-frame-address' '-v' '-o' 'CMakeFiles/cmTC_11aae.dir/CMakeCXXCompilerABI.cpp.obj' '-c']
  ignore line: [ /home/peterglen/.espressif/tools/xtensa-esp32-elf/esp-2020r3-8.4.0/xtensa-esp32-elf/bin/../lib/gcc/xtensa-esp32-elf/8.4.0/../../../../xtensa-esp32-elf/bin/as --traditional-format --longcalls -o CMakeFiles/cmTC_11aae.dir/CMakeCXXCompilerABI.cpp.obj /tmp/ccABsTL0.s]
  ignore line: [COMPILER_PATH=/home/peterglen/.espressif/tools/xtensa-esp32-elf/esp-2020r3-8.4.0/xtensa-esp32-elf/bin/../libexec/gcc/xtensa-esp32-elf/8.4.0/:/home/peterglen/.espressif/tools/xtensa-esp32-elf/esp-2020r3-8.4.0/xtensa-esp32-elf/bin/../libexec/gcc/:/home/peterglen/.espressif/tools/xtensa-esp32-elf/esp-2020r3-8.4.0/xtensa-esp32-elf/bin/../lib/gcc/xtensa-esp32-elf/8.4.0/../../../../xtensa-esp32-elf/bin/]
  ignore line: [LIBRARY_PATH=/home/peterglen/.espressif/tools/xtensa-esp32-elf/esp-2020r3-8.4.0/xtensa-esp32-elf/bin/../lib/gcc/xtensa-esp32-elf/8.4.0/:/home/peterglen/.espressif/tools/xtensa-esp32-elf/esp-2020r3-8.4.0/xtensa-esp32-elf/bin/../lib/gcc/:/home/peterglen/.espressif/tools/xtensa-esp32-elf/esp-2020r3-8.4.0/xtensa-esp32-elf/bin/../lib/gcc/xtensa-esp32-elf/8.4.0/../../../../xtensa-esp32-elf/lib/]
  ignore line: [COLLECT_GCC_OPTIONS='-mlongcalls' '-Wno-frame-address' '-v' '-o' 'CMakeFiles/cmTC_11aae.dir/CMakeCXXCompilerABI.cpp.obj' '-c']
  ignore line: [Linking CXX executable cmTC_11aae]
  ignore line: [/usr/bin/cmake -E cmake_link_script CMakeFiles/cmTC_11aae.dir/link.txt --verbose=1]
  ignore line: [/home/peterglen/.espressif/tools/xtensa-esp32-elf/esp-2020r3-8.4.0/xtensa-esp32-elf/bin/xtensa-esp32-elf-g++  -mlongcalls -Wno-frame-address    -v CMakeFiles/cmTC_11aae.dir/CMakeCXXCompilerABI.cpp.obj  -o cmTC_11aae ]
  ignore line: [Using built-in specs.]
  ignore line: [COLLECT_GCC=/home/peterglen/.espressif/tools/xtensa-esp32-elf/esp-2020r3-8.4.0/xtensa-esp32-elf/bin/xtensa-esp32-elf-g++]
  ignore line: [COLLECT_LTO_WRAPPER=/home/peterglen/.espressif/tools/xtensa-esp32-elf/esp-2020r3-8.4.0/xtensa-esp32-elf/bin/../libexec/gcc/xtensa-esp32-elf/8.4.0/lto-wrapper]
  ignore line: [Target: xtensa-esp32-elf]
  ignore line: [Configured with: /builds/idf/crosstool-NG/.build/xtensa-esp32-elf/src/gcc/configure --build=x86_64-build_pc-linux-gnu --host=x86_64-build_pc-linux-gnu --target=xtensa-esp32-elf --prefix=/builds/idf/crosstool-NG/builds/xtensa-esp32-elf --with-local-prefix=/builds/idf/crosstool-NG/builds/xtensa-esp32-elf/xtensa-esp32-elf --with-headers=/builds/idf/crosstool-NG/builds/xtensa-esp32-elf/xtensa-esp32-elf/include --with-newlib --enable-threads=no --disable-shared --with-pkgversion='crosstool-NG esp-2020r3' --disable-__cxa_atexit --enable-cxx-flags=-ffunction-sections --disable-libgomp --disable-libmudflap --disable-libmpx --disable-libssp --disable-libquadmath --disable-libquadmath-support --with-gmp=/builds/idf/crosstool-NG/.build/xtensa-esp32-elf/buildtools --with-mpfr=/builds/idf/crosstool-NG/.build/xtensa-esp32-elf/buildtools --with-mpc=/builds/idf/crosstool-NG/.build/xtensa-esp32-elf/buildtools --with-isl=/builds/idf/crosstool-NG/.build/xtensa-esp32-elf/buildtools --enable-lto --enable-target-optspace --without-long-double-128 --disable-nls --enable-multiarch --enable-languages=c c++ --disable-libstdcxx-verbose --enable-threads=posix --enable-gcov-custom-rtio --enable-libstdcxx-time=yes]
  ignore line: [Thread model: posix]
  ignore line: [gcc version 8.4.0 (crosstool-NG esp-2020r3) ]
  ignore line: [COMPILER_PATH=/home/peterglen/.espressif/tools/xtensa-esp32-elf/esp-2020r3-8.4.0/xtensa-esp32-elf/bin/../libexec/gcc/xtensa-esp32-elf/8.4.0/:/home/peterglen/.espressif/tools/xtensa-esp32-elf/esp-2020r3-8.4.0/xtensa-esp32-elf/bin/../libexec/gcc/:/home/peterglen/.espressif/tools/xtensa-esp32-elf/esp-2020r3-8.4.0/xtensa-esp32-elf/bin/../lib/gcc/xtensa-esp32-elf/8.4.0/../../../../xtensa-esp32-elf/bin/]
  ignore line: [LIBRARY_PATH=/home/peterglen/.espressif/tools/xtensa-esp32-elf/esp-2020r3-8.4.0/xtensa-esp32-elf/bin/../lib/gcc/xtensa-esp32-elf/8.4.0/:/home/peterglen/.espressif/tools/xtensa-esp32-elf/esp-2020r3-8.4.0/xtensa-esp32-elf/bin/../lib/gcc/:/home/peterglen/.espressif/tools/xtensa-esp32-elf/esp-2020r3-8.4.0/xtensa-esp32-elf/bin/../lib/gcc/xtensa-esp32-elf/8.4.0/../../../../xtensa-esp32-elf/lib/]
  ignore line: [COLLECT_GCC_OPTIONS='-mlongcalls' '-Wno-frame-address' '-v' '-o' 'cmTC_11aae']
  link line: [ /home/peterglen/.espressif/tools/xtensa-esp32-elf/esp-2020r3-8.4.0/xtensa-esp32-elf/bin/../libexec/gcc/xtensa-esp32-elf/8.4.0/collect2 -plugin /home/peterglen/.espressif/tools/xtensa-esp32-elf/esp-2020r3-8.4.0/xtensa-esp32-elf/bin/../libexec/gcc/xtensa-esp32-elf/8.4.0/liblto_plugin.so -plugin-opt=/home/peterglen/.espressif/tools/xtensa-esp32-elf/esp-2020r3-8.4.0/xtensa-esp32-elf/bin/../libexec/gcc/xtensa-esp32-elf/8.4.0/lto-wrapper -plugin-opt=-fresolution=/tmp/ccssYWrw.res -plugin-opt=-pass-through=-lgcc -plugin-opt=-pass-through=-lc -plugin-opt=-pass-through=-lnosys -plugin-opt=-pass-through=-lc -plugin-opt=-pass-through=-lgcc -o cmTC_11aae /home/peterglen/.espressif/tools/xtensa-esp32-elf/esp-2020r3-8.4.0/xtensa-esp32-elf/bin/../lib/gcc/xtensa-esp32-elf/8.4.0/../../../../xtensa-esp32-elf/lib/crt0.o /home/peterglen/.espressif/tools/xtensa-esp32-elf/esp-2020r3-8.4.0/xtensa-esp32-elf/bin/../lib/gcc/xtensa-esp32-elf/8.4.0/crti.o /home/peterglen/.espressif/tools/xtensa-esp32-elf/esp-2020r3-8.4.0/xtensa-esp32-elf/bin/../lib/gcc/xtensa-esp32-elf/8.4.0/crtbegin.o -L/home/peterglen/.espressif/tools/xtensa-esp32-elf/esp-2020r3-8.4.0/xtensa-esp32-elf/bin/../lib/gcc/xtensa-esp32-elf/8.4.0 -L/home/peterglen/.espressif/tools/xtensa-esp32-elf/esp-2020r3-8.4.0/xtensa-esp32-elf/bin/../lib/gcc -L/home/peterglen/.espressif/tools/xtensa-esp32-elf/esp-2020r3-8.4.0/xtensa-esp32-elf/bin/../lib/gcc/xtensa-esp32-elf/8.4.0/../../../../xtensa-esp32-elf/lib CMakeFiles/cmTC_11aae.dir/CMakeCXXCompilerABI.cpp.obj -lstdc++ -lm -lgcc -lc -lnosys -lc -lgcc /home/peterglen/.espressif/tools/xtensa-esp32-elf/esp-2020r3-8.4.0/xtensa-esp32-elf/bin/../lib/gcc/xtensa-esp32-elf/8.4.0/crtend.o /home/peterglen/.espressif/tools/xtensa-esp32-elf/esp-2020r3-8.4.0/xtensa-esp32-elf/bin/../lib/gcc/xtensa-esp32-elf/8.4.0/crtn.o]
    arg [/home/peterglen/.espressif/tools/xtensa-esp32-elf/esp-2020r3-8.4.0/xtensa-esp32-elf/bin/../libexec/gcc/xtensa-esp32-elf/8.4.0/collect2] ==> ignore
    arg [-plugin] ==> ignore
    arg [/home/peterglen/.espressif/tools/xtensa-esp32-elf/esp-2020r3-8.4.0/xtensa-esp32-elf/bin/../libexec/gcc/xtensa-esp32-elf/8.4.0/liblto_plugin.so] ==> ignore
    arg [-plugin-opt=/home/peterglen/.espressif/tools/xtensa-esp32-elf/esp-2020r3-8.4.0/xtensa-esp32-elf/bin/../libexec/gcc/xtensa-esp32-elf/8.4.0/lto-wrapper] ==> ignore
    arg [-plugin-opt=-fresolution=/tmp/ccssYWrw.res] ==> ignore
    arg [-plugin-opt=-pass-through=-lgcc] ==> ignore
    arg [-plugin-opt=-pass-through=-lc] ==> ignore
    arg [-plugin-opt=-pass-through=-lnosys] ==> ignore
    arg [-plugin-opt=-pass-through=-lc] ==> ignore
    arg [-plugin-opt=-pass-through=-lgcc] ==> ignore
    arg [-o] ==> ignore
    arg [cmTC_11aae] ==> ignore
    arg [/home/peterglen/.espressif/tools/xtensa-esp32-elf/esp-2020r3-8.4.0/xtensa-esp32-elf/bin/../lib/gcc/xtensa-esp32-elf/8.4.0/../../../../xtensa-esp32-elf/lib/crt0.o] ==> ignore
    arg [/home/peterglen/.espressif/tools/xtensa-esp32-elf/esp-2020r3-8.4.0/xtensa-esp32-elf/bin/../lib/gcc/xtensa-esp32-elf/8.4.0/crti.o] ==> ignore
    arg [/home/peterglen/.espressif/tools/xtensa-esp32-elf/esp-2020r3-8.4.0/xtensa-esp32-elf/bin/../lib/gcc/xtensa-esp32-elf/8.4.0/crtbegin.o] ==> ignore
    arg [-L/home/peterglen/.espressif/tools/xtensa-esp32-elf/esp-2020r3-8.4.0/xtensa-esp32-elf/bin/../lib/gcc/xtensa-esp32-elf/8.4.0] ==> dir [/home/peterglen/.espressif/tools/xtensa-esp32-elf/esp-2020r3-8.4.0/xtensa-esp32-elf/bin/../lib/gcc/xtensa-esp32-elf/8.4.0]
    arg [-L/home/peterglen/.espressif/tools/xtensa-esp32-elf/esp-2020r3-8.4.0/xtensa-esp32-elf/bin/../lib/gcc] ==> dir [/home/peterglen/.espressif/tools/xtensa-esp32-elf/esp-2020r3-8.4.0/xtensa-esp32-elf/bin/../lib/gcc]
    arg [-L/home/peterglen/.espressif/tools/xtensa-esp32-elf/esp-2020r3-8.4.0/xtensa-esp32-elf/bin/../lib/gcc/xtensa-esp32-elf/8.4.0/../../../../xtensa-esp32-elf/lib] ==> dir [/home/peterglen/.espressif/tools/xtensa-esp32-elf/esp-2020r3-8.4.0/xtensa-esp32-elf/bin/../lib/gcc/xtensa-esp32-elf/8.4.0/../../../../xtensa-esp32-elf/lib]
    arg [CMakeFiles/cmTC_11aae.dir/CMakeCXXCompilerABI.cpp.obj] ==> ignore
    arg [-lstdc++] ==> lib [stdc++]
    arg [-lm] ==> lib [m]
    arg [-lgcc] ==> lib [gcc]
    arg [-lc] ==> lib [c]
    arg [-lnosys] ==> lib [nosys]
    arg [-lc] ==> lib [c]
    arg [-lgcc] ==> lib [gcc]
    arg [/home/peterglen/.espressif/tools/xtensa-esp32-elf/esp-2020r3-8.4.0/xtensa-esp32-elf/bin/../lib/gcc/xtensa-esp32-elf/8.4.0/crtend.o] ==> ignore
    arg [/home/peterglen/.espressif/tools/xtensa-esp32-elf/esp-2020r3-8.4.0/xtensa-esp32-elf/bin/../lib/gcc/xtensa-esp32-elf/8.4.0/crtn.o] ==> ignore
  collapse library dir [/home/peterglen/.espressif/tools/xtensa-esp32-elf/esp-2020r3-8.4.0/xtensa-esp32-elf/bin/../lib/gcc/xtensa-esp32-elf/8.4.0] ==> [/home/peterglen/.espressif/tools/xtensa-esp32-elf/esp-2020r3-8.4.0/xtensa-esp32-elf/lib/gcc/xtensa-esp32-elf/8.4.0]
  collapse library dir [/home/peterglen/.espressif/tools/xtensa-esp32-elf/esp-2020r3-8.4.0/xtensa-esp32-elf/bin/../lib/gcc] ==> [/home/peterglen/.espressif/tools/xtensa-esp32-elf/esp-2020r3-8.4.0/xtensa-esp32-elf/lib/gcc]
  collapse library dir [/home/peterglen/.espressif/tools/xtensa-esp32-elf/esp-2020r3-8.4.0/xtensa-esp32-elf/bin/../lib/gcc/xtensa-esp32-elf/8.4.0/../../../../xtensa-esp32-elf/lib] ==> [/home/peterglen/.espressif/tools/xtensa-esp32-elf/esp-2020r3-8.4.0/xtensa-esp32-elf/xtensa-esp32-elf/lib]
  implicit libs: [stdc++;m;gcc;c;nosys;c;gcc]
  implicit dirs: [/home/peterglen/.espressif/tools/xtensa-esp32-elf/esp-2020r3-8.4.0/xtensa-esp32-elf/lib/gcc/xtensa-esp32-elf/8.4.0;/home/peterglen/.espressif/tools/xtensa-esp32-elf/esp-2020r3-8.4.0/xtensa-esp32-elf/lib/gcc;/home/peterglen/.espressif/tools/xtensa-esp32-elf/esp-2020r3-8.4.0/xtensa-esp32-elf/xtensa-esp32-elf/lib]
  implicit fwks: []


The target system is: Generic -  - 
The host system is: Linux - 5.8.0-48-generic - x86_64
Compiling the C compiler identification source file "CMakeCCompilerId.c" succeeded.
Compiler: /home/peterglen/.espressif/tools/xtensa-esp32-elf/esp-2020r3-8.4.0/xtensa-esp32-elf/bin/xtensa-esp32-elf-gcc 
Build flags: -mlongcalls;-Wno-frame-address
Id flags:  

The output was:
0


Compilation of the C compiler identification source "CMakeCCompilerId.c" produced "a.out"

The C compiler identification is GNU, found in "/akostar/esp32-s2/esp-s2code/ftm/CMakeFiles/3.20.1/CompilerIdC/a.out"

Compiling the CXX compiler identification source file "CMakeCXXCompilerId.cpp" succeeded.
Compiler: /home/peterglen/.espressif/tools/xtensa-esp32-elf/esp-2020r3-8.4.0/xtensa-esp32-elf/bin/xtensa-esp32-elf-g++ 
Build flags: -mlongcalls;-Wno-frame-address
Id flags:  

The output was:
0


Compilation of the CXX compiler identification source "CMakeCXXCompilerId.cpp" produced "a.out"

The CXX compiler identification is GNU, found in "/akostar/esp32-s2/esp-s2code/ftm/CMakeFiles/3.20.1/CompilerIdCXX/a.out"

Checking whether the ASM compiler is GNU using "--version" matched "(GNU assembler)|(GCC)|(Free Software Foundation)":
xtensa-esp32-elf-gcc (crosstool-NG esp-2020r3) 8.4.0
Copyright (C) 2018 Free Software Foundation, Inc.
This is free software; see the source for copying conditions.  There is NO
warranty; not even for MERCHANTABILITY or FITNESS FOR A PARTICULAR PURPOSE.

Detecting C compiler ABI info compiled with the following output:
Change Dir: /akostar/esp32-s2/esp-s2code/ftm/CMakeFiles/CMakeTmp

Run Build Command(s):/usr/bin/gmake -f Makefile cmTC_fa8cb/fast && gmake[1]: Entering directory '/akostar/esp32-s2/esp-s2code/ftm/CMakeFiles/CMakeTmp'
/usr/bin/gmake  -f CMakeFiles/cmTC_fa8cb.dir/build.make CMakeFiles/cmTC_fa8cb.dir/build
gmake[2]: Entering directory '/akostar/esp32-s2/esp-s2code/ftm/CMakeFiles/CMakeTmp'
Building C object CMakeFiles/cmTC_fa8cb.dir/CMakeCCompilerABI.c.obj
/home/peterglen/.espressif/tools/xtensa-esp32-elf/esp-2020r3-8.4.0/xtensa-esp32-elf/bin/xtensa-esp32-elf-gcc   -mlongcalls -Wno-frame-address    -v -o CMakeFiles/cmTC_fa8cb.dir/CMakeCCompilerABI.c.obj -c /usr/share/cmake-3.20/Modules/CMakeCCompilerABI.c
Using built-in specs.
COLLECT_GCC=/home/peterglen/.espressif/tools/xtensa-esp32-elf/esp-2020r3-8.4.0/xtensa-esp32-elf/bin/xtensa-esp32-elf-gcc
Target: xtensa-esp32-elf
Configured with: /builds/idf/crosstool-NG/.build/xtensa-esp32-elf/src/gcc/configure --build=x86_64-build_pc-linux-gnu --host=x86_64-build_pc-linux-gnu --target=xtensa-esp32-elf --prefix=/builds/idf/crosstool-NG/builds/xtensa-esp32-elf --with-local-prefix=/builds/idf/crosstool-NG/builds/xtensa-esp32-elf/xtensa-esp32-elf --with-headers=/builds/idf/crosstool-NG/builds/xtensa-esp32-elf/xtensa-esp32-elf/include --with-newlib --enable-threads=no --disable-shared --with-pkgversion='crosstool-NG esp-2020r3' --disable-__cxa_atexit --enable-cxx-flags=-ffunction-sections --disable-libgomp --disable-libmudflap --disable-libmpx --disable-libssp --disable-libquadmath --disable-libquadmath-support --with-gmp=/builds/idf/crosstool-NG/.build/xtensa-esp32-elf/buildtools --with-mpfr=/builds/idf/crosstool-NG/.build/xtensa-esp32-elf/buildtools --with-mpc=/builds/idf/crosstool-NG/.build/xtensa-esp32-elf/buildtools --with-isl=/builds/idf/crosstool-NG/.build/xtensa-esp32-elf/buildtools --enable-lto --enable-target-optspace --without-long-double-128 --disable-nls --enable-multiarch --enable-languages=c,c++ --disable-libstdcxx-verbose --enable-threads=posix --enable-gcov-custom-rtio --enable-libstdcxx-time=yes
Thread model: posix
gcc version 8.4.0 (crosstool-NG esp-2020r3) 
COLLECT_GCC_OPTIONS='-mlongcalls' '-Wno-frame-address' '-v' '-o' 'CMakeFiles/cmTC_fa8cb.dir/CMakeCCompilerABI.c.obj' '-c'
 /home/peterglen/.espressif/tools/xtensa-esp32-elf/esp-2020r3-8.4.0/xtensa-esp32-elf/bin/../libexec/gcc/xtensa-esp32-elf/8.4.0/cc1 -quiet -v -iprefix /home/peterglen/.espressif/tools/xtensa-esp32-elf/esp-2020r3-8.4.0/xtensa-esp32-elf/bin/../lib/gcc/xtensa-esp32-elf/8.4.0/ /usr/share/cmake-3.20/Modules/CMakeCCompilerABI.c -quiet -dumpbase CMakeCCompilerABI.c -mlongcalls -auxbase-strip CMakeFiles/cmTC_fa8cb.dir/CMakeCCompilerABI.c.obj -Wno-frame-address -version -o /tmp/ccQahD3O.s
GNU C17 (crosstool-NG esp-2020r3) version 8.4.0 (xtensa-esp32-elf)
	compiled by GNU C version 4.9.2, GMP version 6.1.2, MPFR version 4.0.1, MPC version 1.1.0, isl version isl-0.19-GMP

GGC heuristics: --param ggc-min-expand=100 --param ggc-min-heapsize=131072
ignoring duplicate directory "/home/peterglen/.espressif/tools/xtensa-esp32-elf/esp-2020r3-8.4.0/xtensa-esp32-elf/bin/../lib/gcc/../../lib/gcc/xtensa-esp32-elf/8.4.0/include"
ignoring duplicate directory "/home/peterglen/.espressif/tools/xtensa-esp32-elf/esp-2020r3-8.4.0/xtensa-esp32-elf/bin/../lib/gcc/../../lib/gcc/xtensa-esp32-elf/8.4.0/include-fixed"
ignoring duplicate directory "/home/peterglen/.espressif/tools/xtensa-esp32-elf/esp-2020r3-8.4.0/xtensa-esp32-elf/bin/../lib/gcc/../../lib/gcc/xtensa-esp32-elf/8.4.0/../../../../xtensa-esp32-elf/sys-include"
ignoring duplicate directory "/home/peterglen/.espressif/tools/xtensa-esp32-elf/esp-2020r3-8.4.0/xtensa-esp32-elf/bin/../lib/gcc/../../lib/gcc/xtensa-esp32-elf/8.4.0/../../../../xtensa-esp32-elf/include"
#include "..." search starts here:
#include <...> search starts here:
 /home/peterglen/.espressif/tools/xtensa-esp32-elf/esp-2020r3-8.4.0/xtensa-esp32-elf/bin/../lib/gcc/xtensa-esp32-elf/8.4.0/include
 /home/peterglen/.espressif/tools/xtensa-esp32-elf/esp-2020r3-8.4.0/xtensa-esp32-elf/bin/../lib/gcc/xtensa-esp32-elf/8.4.0/include-fixed
 /home/peterglen/.espressif/tools/xtensa-esp32-elf/esp-2020r3-8.4.0/xtensa-esp32-elf/bin/../lib/gcc/xtensa-esp32-elf/8.4.0/../../../../xtensa-esp32-elf/sys-include
 /home/peterglen/.espressif/tools/xtensa-esp32-elf/esp-2020r3-8.4.0/xtensa-esp32-elf/bin/../lib/gcc/xtensa-esp32-elf/8.4.0/../../../../xtensa-esp32-elf/include
End of search list.
GNU C17 (crosstool-NG esp-2020r3) version 8.4.0 (xtensa-esp32-elf)
	compiled by GNU C version 4.9.2, GMP version 6.1.2, MPFR version 4.0.1, MPC version 1.1.0, isl version isl-0.19-GMP

GGC heuristics: --param ggc-min-expand=100 --param ggc-min-heapsize=131072
Compiler executable checksum: 30a273f5c2e3bc492245d1974b5e7b3d
COLLECT_GCC_OPTIONS='-mlongcalls' '-Wno-frame-address' '-v' '-o' 'CMakeFiles/cmTC_fa8cb.dir/CMakeCCompilerABI.c.obj' '-c'
 /home/peterglen/.espressif/tools/xtensa-esp32-elf/esp-2020r3-8.4.0/xtensa-esp32-elf/bin/../lib/gcc/xtensa-esp32-elf/8.4.0/../../../../xtensa-esp32-elf/bin/as --traditional-format --longcalls -o CMakeFiles/cmTC_fa8cb.dir/CMakeCCompilerABI.c.obj /tmp/ccQahD3O.s
COMPILER_PATH=/home/peterglen/.espressif/tools/xtensa-esp32-elf/esp-2020r3-8.4.0/xtensa-esp32-elf/bin/../libexec/gcc/xtensa-esp32-elf/8.4.0/:/home/peterglen/.espressif/tools/xtensa-esp32-elf/esp-2020r3-8.4.0/xtensa-esp32-elf/bin/../libexec/gcc/:/home/peterglen/.espressif/tools/xtensa-esp32-elf/esp-2020r3-8.4.0/xtensa-esp32-elf/bin/../lib/gcc/xtensa-esp32-elf/8.4.0/../../../../xtensa-esp32-elf/bin/
LIBRARY_PATH=/home/peterglen/.espressif/tools/xtensa-esp32-elf/esp-2020r3-8.4.0/xtensa-esp32-elf/bin/../lib/gcc/xtensa-esp32-elf/8.4.0/:/home/peterglen/.espressif/tools/xtensa-esp32-elf/esp-2020r3-8.4.0/xtensa-esp32-elf/bin/../lib/gcc/:/home/peterglen/.espressif/tools/xtensa-esp32-elf/esp-2020r3-8.4.0/xtensa-esp32-elf/bin/../lib/gcc/xtensa-esp32-elf/8.4.0/../../../../xtensa-esp32-elf/lib/
COLLECT_GCC_OPTIONS='-mlongcalls' '-Wno-frame-address' '-v' '-o' 'CMakeFiles/cmTC_fa8cb.dir/CMakeCCompilerABI.c.obj' '-c'
Linking C executable cmTC_fa8cb
/usr/bin/cmake -E cmake_link_script CMakeFiles/cmTC_fa8cb.dir/link.txt --verbose=1
/home/peterglen/.espressif/tools/xtensa-esp32-elf/esp-2020r3-8.4.0/xtensa-esp32-elf/bin/xtensa-esp32-elf-gcc -mlongcalls -Wno-frame-address   -v CMakeFiles/cmTC_fa8cb.dir/CMakeCCompilerABI.c.obj -o cmTC_fa8cb 
Using built-in specs.
COLLECT_GCC=/home/peterglen/.espressif/tools/xtensa-esp32-elf/esp-2020r3-8.4.0/xtensa-esp32-elf/bin/xtensa-esp32-elf-gcc
COLLECT_LTO_WRAPPER=/home/peterglen/.espressif/tools/xtensa-esp32-elf/esp-2020r3-8.4.0/xtensa-esp32-elf/bin/../libexec/gcc/xtensa-esp32-elf/8.4.0/lto-wrapper
Target: xtensa-esp32-elf
Configured with: /builds/idf/crosstool-NG/.build/xtensa-esp32-elf/src/gcc/configure --build=x86_64-build_pc-linux-gnu --host=x86_64-build_pc-linux-gnu --target=xtensa-esp32-elf --prefix=/builds/idf/crosstool-NG/builds/xtensa-esp32-elf --with-local-prefix=/builds/idf/crosstool-NG/builds/xtensa-esp32-elf/xtensa-esp32-elf --with-headers=/builds/idf/crosstool-NG/builds/xtensa-esp32-elf/xtensa-esp32-elf/include --with-newlib --enable-threads=no --disable-shared --with-pkgversion='crosstool-NG esp-2020r3' --disable-__cxa_atexit --enable-cxx-flags=-ffunction-sections --disable-libgomp --disable-libmudflap --disable-libmpx --disable-libssp --disable-libquadmath --disable-libquadmath-support --with-gmp=/builds/idf/crosstool-NG/.build/xtensa-esp32-elf/buildtools --with-mpfr=/builds/idf/crosstool-NG/.build/xtensa-esp32-elf/buildtools --with-mpc=/builds/idf/crosstool-NG/.build/xtensa-esp32-elf/buildtools --with-isl=/builds/idf/crosstool-NG/.build/xtensa-esp32-elf/buildtools --enable-lto --enable-target-optspace --without-long-double-128 --disable-nls --enable-multiarch --enable-languages=c,c++ --disable-libstdcxx-verbose --enable-threads=posix --enable-gcov-custom-rtio --enable-libstdcxx-time=yes
Thread model: posix
gcc version 8.4.0 (crosstool-NG esp-2020r3) 
COMPILER_PATH=/home/peterglen/.espressif/tools/xtensa-esp32-elf/esp-2020r3-8.4.0/xtensa-esp32-elf/bin/../libexec/gcc/xtensa-esp32-elf/8.4.0/:/home/peterglen/.espressif/tools/xtensa-esp32-elf/esp-2020r3-8.4.0/xtensa-esp32-elf/bin/../libexec/gcc/:/home/peterglen/.espressif/tools/xtensa-esp32-elf/esp-2020r3-8.4.0/xtensa-esp32-elf/bin/../lib/gcc/xtensa-esp32-elf/8.4.0/../../../../xtensa-esp32-elf/bin/
LIBRARY_PATH=/home/peterglen/.espressif/tools/xtensa-esp32-elf/esp-2020r3-8.4.0/xtensa-esp32-elf/bin/../lib/gcc/xtensa-esp32-elf/8.4.0/:/home/peterglen/.espressif/tools/xtensa-esp32-elf/esp-2020r3-8.4.0/xtensa-esp32-elf/bin/../lib/gcc/:/home/peterglen/.espressif/tools/xtensa-esp32-elf/esp-2020r3-8.4.0/xtensa-esp32-elf/bin/../lib/gcc/xtensa-esp32-elf/8.4.0/../../../../xtensa-esp32-elf/lib/
COLLECT_GCC_OPTIONS='-mlongcalls' '-Wno-frame-address' '-v' '-o' 'cmTC_fa8cb'
 /home/peterglen/.espressif/tools/xtensa-esp32-elf/esp-2020r3-8.4.0/xtensa-esp32-elf/bin/../libexec/gcc/xtensa-esp32-elf/8.4.0/collect2 -plugin /home/peterglen/.espressif/tools/xtensa-esp32-elf/esp-2020r3-8.4.0/xtensa-esp32-elf/bin/../libexec/gcc/xtensa-esp32-elf/8.4.0/liblto_plugin.so -plugin-opt=/home/peterglen/.espressif/tools/xtensa-esp32-elf/esp-2020r3-8.4.0/xtensa-esp32-elf/bin/../libexec/gcc/xtensa-esp32-elf/8.4.0/lto-wrapper -plugin-opt=-fresolution=/tmp/ccVZgFte.res -plugin-opt=-pass-through=-lgcc -plugin-opt=-pass-through=-lc -plugin-opt=-pass-through=-lnosys -plugin-opt=-pass-through=-lc -plugin-opt=-pass-through=-lgcc -o cmTC_fa8cb /home/peterglen/.espressif/tools/xtensa-esp32-elf/esp-2020r3-8.4.0/xtensa-esp32-elf/bin/../lib/gcc/xtensa-esp32-elf/8.4.0/../../../../xtensa-esp32-elf/lib/crt0.o /home/peterglen/.espressif/tools/xtensa-esp32-elf/esp-2020r3-8.4.0/xtensa-esp32-elf/bin/../lib/gcc/xtensa-esp32-elf/8.4.0/crti.o /home/peterglen/.espressif/tools/xtensa-esp32-elf/esp-2020r3-8.4.0/xtensa-esp32-elf/bin/../lib/gcc/xtensa-esp32-elf/8.4.0/crtbegin.o -L/home/peterglen/.espressif/tools/xtensa-esp32-elf/esp-2020r3-8.4.0/xtensa-esp32-elf/bin/../lib/gcc/xtensa-esp32-elf/8.4.0 -L/home/peterglen/.espressif/tools/xtensa-esp32-elf/esp-2020r3-8.4.0/xtensa-esp32-elf/bin/../lib/gcc -L/home/peterglen/.espressif/tools/xtensa-esp32-elf/esp-2020r3-8.4.0/xtensa-esp32-elf/bin/../lib/gcc/xtensa-esp32-elf/8.4.0/../../../../xtensa-esp32-elf/lib CMakeFiles/cmTC_fa8cb.dir/CMakeCCompilerABI.c.obj -lgcc -lc -lnosys -lc -lgcc /home/peterglen/.espressif/tools/xtensa-esp32-elf/esp-2020r3-8.4.0/xtensa-esp32-elf/bin/../lib/gcc/xtensa-esp32-elf/8.4.0/crtend.o /home/peterglen/.espressif/tools/xtensa-esp32-elf/esp-2020r3-8.4.0/xtensa-esp32-elf/bin/../lib/gcc/xtensa-esp32-elf/8.4.0/crtn.o
COLLECT_GCC_OPTIONS='-mlongcalls' '-Wno-frame-address' '-v' '-o' 'cmTC_fa8cb'
gmake[2]: Leaving directory '/akostar/esp32-s2/esp-s2code/ftm/CMakeFiles/CMakeTmp'
gmake[1]: Leaving directory '/akostar/esp32-s2/esp-s2code/ftm/CMakeFiles/CMakeTmp'



Parsed C implicit include dir info from above output: rv=done
  found start of include info
  found start of implicit include info
    add: [/home/peterglen/.espressif/tools/xtensa-esp32-elf/esp-2020r3-8.4.0/xtensa-esp32-elf/bin/../lib/gcc/xtensa-esp32-elf/8.4.0/include]
    add: [/home/peterglen/.espressif/tools/xtensa-esp32-elf/esp-2020r3-8.4.0/xtensa-esp32-elf/bin/../lib/gcc/xtensa-esp32-elf/8.4.0/include-fixed]
    add: [/home/peterglen/.espressif/tools/xtensa-esp32-elf/esp-2020r3-8.4.0/xtensa-esp32-elf/bin/../lib/gcc/xtensa-esp32-elf/8.4.0/../../../../xtensa-esp32-elf/sys-include]
    add: [/home/peterglen/.espressif/tools/xtensa-esp32-elf/esp-2020r3-8.4.0/xtensa-esp32-elf/bin/../lib/gcc/xtensa-esp32-elf/8.4.0/../../../../xtensa-esp32-elf/include]
  end of search list found
  collapse include dir [/home/peterglen/.espressif/tools/xtensa-esp32-elf/esp-2020r3-8.4.0/xtensa-esp32-elf/bin/../lib/gcc/xtensa-esp32-elf/8.4.0/include] ==> [/home/peterglen/.espressif/tools/xtensa-esp32-elf/esp-2020r3-8.4.0/xtensa-esp32-elf/lib/gcc/xtensa-esp32-elf/8.4.0/include]
  collapse include dir [/home/peterglen/.espressif/tools/xtensa-esp32-elf/esp-2020r3-8.4.0/xtensa-esp32-elf/bin/../lib/gcc/xtensa-esp32-elf/8.4.0/include-fixed] ==> [/home/peterglen/.espressif/tools/xtensa-esp32-elf/esp-2020r3-8.4.0/xtensa-esp32-elf/lib/gcc/xtensa-esp32-elf/8.4.0/include-fixed]
  collapse include dir [/home/peterglen/.espressif/tools/xtensa-esp32-elf/esp-2020r3-8.4.0/xtensa-esp32-elf/bin/../lib/gcc/xtensa-esp32-elf/8.4.0/../../../../xtensa-esp32-elf/sys-include] ==> [/home/peterglen/.espressif/tools/xtensa-esp32-elf/esp-2020r3-8.4.0/xtensa-esp32-elf/xtensa-esp32-elf/sys-include]
  collapse include dir [/home/peterglen/.espressif/tools/xtensa-esp32-elf/esp-2020r3-8.4.0/xtensa-esp32-elf/bin/../lib/gcc/xtensa-esp32-elf/8.4.0/../../../../xtensa-esp32-elf/include] ==> [/home/peterglen/.espressif/tools/xtensa-esp32-elf/esp-2020r3-8.4.0/xtensa-esp32-elf/xtensa-esp32-elf/include]
  implicit include dirs: [/home/peterglen/.espressif/tools/xtensa-esp32-elf/esp-2020r3-8.4.0/xtensa-esp32-elf/lib/gcc/xtensa-esp32-elf/8.4.0/include;/home/peterglen/.espressif/tools/xtensa-esp32-elf/esp-2020r3-8.4.0/xtensa-esp32-elf/lib/gcc/xtensa-esp32-elf/8.4.0/include-fixed;/home/peterglen/.espressif/tools/xtensa-esp32-elf/esp-2020r3-8.4.0/xtensa-esp32-elf/xtensa-esp32-elf/sys-include;/home/peterglen/.espressif/tools/xtensa-esp32-elf/esp-2020r3-8.4.0/xtensa-esp32-elf/xtensa-esp32-elf/include]


Parsed C implicit link information from above output:
  link line regex: [^( *|.*[/\])(xtensa-esp32-elf-ld|CMAKE_LINK_STARTFILE-NOTFOUND|([^/\]+-)?ld|collect2)[^/\]*( |$)]
  ignore line: [Change Dir: /akostar/esp32-s2/esp-s2code/ftm/CMakeFiles/CMakeTmp]
  ignore line: []
  ignore line: [Run Build Command(s):/usr/bin/gmake -f Makefile cmTC_fa8cb/fast && gmake[1]: Entering directory '/akostar/esp32-s2/esp-s2code/ftm/CMakeFiles/CMakeTmp']
  ignore line: [/usr/bin/gmake  -f CMakeFiles/cmTC_fa8cb.dir/build.make CMakeFiles/cmTC_fa8cb.dir/build]
  ignore line: [gmake[2]: Entering directory '/akostar/esp32-s2/esp-s2code/ftm/CMakeFiles/CMakeTmp']
  ignore line: [Building C object CMakeFiles/cmTC_fa8cb.dir/CMakeCCompilerABI.c.obj]
  ignore line: [/home/peterglen/.espressif/tools/xtensa-esp32-elf/esp-2020r3-8.4.0/xtensa-esp32-elf/bin/xtensa-esp32-elf-gcc   -mlongcalls -Wno-frame-address    -v -o CMakeFiles/cmTC_fa8cb.dir/CMakeCCompilerABI.c.obj -c /usr/share/cmake-3.20/Modules/CMakeCCompilerABI.c]
  ignore line: [Using built-in specs.]
  ignore line: [COLLECT_GCC=/home/peterglen/.espressif/tools/xtensa-esp32-elf/esp-2020r3-8.4.0/xtensa-esp32-elf/bin/xtensa-esp32-elf-gcc]
  ignore line: [Target: xtensa-esp32-elf]
  ignore line: [Configured with: /builds/idf/crosstool-NG/.build/xtensa-esp32-elf/src/gcc/configure --build=x86_64-build_pc-linux-gnu --host=x86_64-build_pc-linux-gnu --target=xtensa-esp32-elf --prefix=/builds/idf/crosstool-NG/builds/xtensa-esp32-elf --with-local-prefix=/builds/idf/crosstool-NG/builds/xtensa-esp32-elf/xtensa-esp32-elf --with-headers=/builds/idf/crosstool-NG/builds/xtensa-esp32-elf/xtensa-esp32-elf/include --with-newlib --enable-threads=no --disable-shared --with-pkgversion='crosstool-NG esp-2020r3' --disable-__cxa_atexit --enable-cxx-flags=-ffunction-sections --disable-libgomp --disable-libmudflap --disable-libmpx --disable-libssp --disable-libquadmath --disable-libquadmath-support --with-gmp=/builds/idf/crosstool-NG/.build/xtensa-esp32-elf/buildtools --with-mpfr=/builds/idf/crosstool-NG/.build/xtensa-esp32-elf/buildtools --with-mpc=/builds/idf/crosstool-NG/.build/xtensa-esp32-elf/buildtools --with-isl=/builds/idf/crosstool-NG/.build/xtensa-esp32-elf/buildtools --enable-lto --enable-target-optspace --without-long-double-128 --disable-nls --enable-multiarch --enable-languages=c c++ --disable-libstdcxx-verbose --enable-threads=posix --enable-gcov-custom-rtio --enable-libstdcxx-time=yes]
  ignore line: [Thread model: posix]
  ignore line: [gcc version 8.4.0 (crosstool-NG esp-2020r3) ]
  ignore line: [COLLECT_GCC_OPTIONS='-mlongcalls' '-Wno-frame-address' '-v' '-o' 'CMakeFiles/cmTC_fa8cb.dir/CMakeCCompilerABI.c.obj' '-c']
  ignore line: [ /home/peterglen/.espressif/tools/xtensa-esp32-elf/esp-2020r3-8.4.0/xtensa-esp32-elf/bin/../libexec/gcc/xtensa-esp32-elf/8.4.0/cc1 -quiet -v -iprefix /home/peterglen/.espressif/tools/xtensa-esp32-elf/esp-2020r3-8.4.0/xtensa-esp32-elf/bin/../lib/gcc/xtensa-esp32-elf/8.4.0/ /usr/share/cmake-3.20/Modules/CMakeCCompilerABI.c -quiet -dumpbase CMakeCCompilerABI.c -mlongcalls -auxbase-strip CMakeFiles/cmTC_fa8cb.dir/CMakeCCompilerABI.c.obj -Wno-frame-address -version -o /tmp/ccQahD3O.s]
  ignore line: [GNU C17 (crosstool-NG esp-2020r3) version 8.4.0 (xtensa-esp32-elf)]
  ignore line: [	compiled by GNU C version 4.9.2  GMP version 6.1.2  MPFR version 4.0.1  MPC version 1.1.0  isl version isl-0.19-GMP]
  ignore line: []
  ignore line: [GGC heuristics: --param ggc-min-expand=100 --param ggc-min-heapsize=131072]
  ignore line: [ignoring duplicate directory "/home/peterglen/.espressif/tools/xtensa-esp32-elf/esp-2020r3-8.4.0/xtensa-esp32-elf/bin/../lib/gcc/../../lib/gcc/xtensa-esp32-elf/8.4.0/include"]
  ignore line: [ignoring duplicate directory "/home/peterglen/.espressif/tools/xtensa-esp32-elf/esp-2020r3-8.4.0/xtensa-esp32-elf/bin/../lib/gcc/../../lib/gcc/xtensa-esp32-elf/8.4.0/include-fixed"]
  ignore line: [ignoring duplicate directory "/home/peterglen/.espressif/tools/xtensa-esp32-elf/esp-2020r3-8.4.0/xtensa-esp32-elf/bin/../lib/gcc/../../lib/gcc/xtensa-esp32-elf/8.4.0/../../../../xtensa-esp32-elf/sys-include"]
  ignore line: [ignoring duplicate directory "/home/peterglen/.espressif/tools/xtensa-esp32-elf/esp-2020r3-8.4.0/xtensa-esp32-elf/bin/../lib/gcc/../../lib/gcc/xtensa-esp32-elf/8.4.0/../../../../xtensa-esp32-elf/include"]
  ignore line: [#include "..." search starts here:]
  ignore line: [#include <...> search starts here:]
  ignore line: [ /home/peterglen/.espressif/tools/xtensa-esp32-elf/esp-2020r3-8.4.0/xtensa-esp32-elf/bin/../lib/gcc/xtensa-esp32-elf/8.4.0/include]
  ignore line: [ /home/peterglen/.espressif/tools/xtensa-esp32-elf/esp-2020r3-8.4.0/xtensa-esp32-elf/bin/../lib/gcc/xtensa-esp32-elf/8.4.0/include-fixed]
  ignore line: [ /home/peterglen/.espressif/tools/xtensa-esp32-elf/esp-2020r3-8.4.0/xtensa-esp32-elf/bin/../lib/gcc/xtensa-esp32-elf/8.4.0/../../../../xtensa-esp32-elf/sys-include]
  ignore line: [ /home/peterglen/.espressif/tools/xtensa-esp32-elf/esp-2020r3-8.4.0/xtensa-esp32-elf/bin/../lib/gcc/xtensa-esp32-elf/8.4.0/../../../../xtensa-esp32-elf/include]
  ignore line: [End of search list.]
  ignore line: [GNU C17 (crosstool-NG esp-2020r3) version 8.4.0 (xtensa-esp32-elf)]
  ignore line: [	compiled by GNU C version 4.9.2  GMP version 6.1.2  MPFR version 4.0.1  MPC version 1.1.0  isl version isl-0.19-GMP]
  ignore line: []
  ignore line: [GGC heuristics: --param ggc-min-expand=100 --param ggc-min-heapsize=131072]
  ignore line: [Compiler executable checksum: 30a273f5c2e3bc492245d1974b5e7b3d]
  ignore line: [COLLECT_GCC_OPTIONS='-mlongcalls' '-Wno-frame-address' '-v' '-o' 'CMakeFiles/cmTC_fa8cb.dir/CMakeCCompilerABI.c.obj' '-c']
  ignore line: [ /home/peterglen/.espressif/tools/xtensa-esp32-elf/esp-2020r3-8.4.0/xtensa-esp32-elf/bin/../lib/gcc/xtensa-esp32-elf/8.4.0/../../../../xtensa-esp32-elf/bin/as --traditional-format --longcalls -o CMakeFiles/cmTC_fa8cb.dir/CMakeCCompilerABI.c.obj /tmp/ccQahD3O.s]
  ignore line: [COMPILER_PATH=/home/peterglen/.espressif/tools/xtensa-esp32-elf/esp-2020r3-8.4.0/xtensa-esp32-elf/bin/../libexec/gcc/xtensa-esp32-elf/8.4.0/:/home/peterglen/.espressif/tools/xtensa-esp32-elf/esp-2020r3-8.4.0/xtensa-esp32-elf/bin/../libexec/gcc/:/home/peterglen/.espressif/tools/xtensa-esp32-elf/esp-2020r3-8.4.0/xtensa-esp32-elf/bin/../lib/gcc/xtensa-esp32-elf/8.4.0/../../../../xtensa-esp32-elf/bin/]
  ignore line: [LIBRARY_PATH=/home/peterglen/.espressif/tools/xtensa-esp32-elf/esp-2020r3-8.4.0/xtensa-esp32-elf/bin/../lib/gcc/xtensa-esp32-elf/8.4.0/:/home/peterglen/.espressif/tools/xtensa-esp32-elf/esp-2020r3-8.4.0/xtensa-esp32-elf/bin/../lib/gcc/:/home/peterglen/.espressif/tools/xtensa-esp32-elf/esp-2020r3-8.4.0/xtensa-esp32-elf/bin/../lib/gcc/xtensa-esp32-elf/8.4.0/../../../../xtensa-esp32-elf/lib/]
  ignore line: [COLLECT_GCC_OPTIONS='-mlongcalls' '-Wno-frame-address' '-v' '-o' 'CMakeFiles/cmTC_fa8cb.dir/CMakeCCompilerABI.c.obj' '-c']
  ignore line: [Linking C executable cmTC_fa8cb]
  ignore line: [/usr/bin/cmake -E cmake_link_script CMakeFiles/cmTC_fa8cb.dir/link.txt --verbose=1]
  ignore line: [/home/peterglen/.espressif/tools/xtensa-esp32-elf/esp-2020r3-8.4.0/xtensa-esp32-elf/bin/xtensa-esp32-elf-gcc -mlongcalls -Wno-frame-address   -v CMakeFiles/cmTC_fa8cb.dir/CMakeCCompilerABI.c.obj -o cmTC_fa8cb ]
  ignore line: [Using built-in specs.]
  ignore line: [COLLECT_GCC=/home/peterglen/.espressif/tools/xtensa-esp32-elf/esp-2020r3-8.4.0/xtensa-esp32-elf/bin/xtensa-esp32-elf-gcc]
  ignore line: [COLLECT_LTO_WRAPPER=/home/peterglen/.espressif/tools/xtensa-esp32-elf/esp-2020r3-8.4.0/xtensa-esp32-elf/bin/../libexec/gcc/xtensa-esp32-elf/8.4.0/lto-wrapper]
  ignore line: [Target: xtensa-esp32-elf]
  ignore line: [Configured with: /builds/idf/crosstool-NG/.build/xtensa-esp32-elf/src/gcc/configure --build=x86_64-build_pc-linux-gnu --host=x86_64-build_pc-linux-gnu --target=xtensa-esp32-elf --prefix=/builds/idf/crosstool-NG/builds/xtensa-esp32-elf --with-local-prefix=/builds/idf/crosstool-NG/builds/xtensa-esp32-elf/xtensa-esp32-elf --with-headers=/builds/idf/crosstool-NG/builds/xtensa-esp32-elf/xtensa-esp32-elf/include --with-newlib --enable-threads=no --disable-shared --with-pkgversion='crosstool-NG esp-2020r3' --disable-__cxa_atexit --enable-cxx-flags=-ffunction-sections --disable-libgomp --disable-libmudflap --disable-libmpx --disable-libssp --disable-libquadmath --disable-libquadmath-support --with-gmp=/builds/idf/crosstool-NG/.build/xtensa-esp32-elf/buildtools --with-mpfr=/builds/idf/crosstool-NG/.build/xtensa-esp32-elf/buildtools --with-mpc=/builds/idf/crosstool-NG/.build/xtensa-esp32-elf/buildtools --with-isl=/builds/idf/crosstool-NG/.build/xtensa-esp32-elf/buildtools --enable-lto --enable-target-optspace --without-long-double-128 --disable-nls --enable-multiarch --enable-languages=c c++ --disable-libstdcxx-verbose --enable-threads=posix --enable-gcov-custom-rtio --enable-libstdcxx-time=yes]
  ignore line: [Thread model: posix]
  ignore line: [gcc version 8.4.0 (crosstool-NG esp-2020r3) ]
  ignore line: [COMPILER_PATH=/home/peterglen/.espressif/tools/xtensa-esp32-elf/esp-2020r3-8.4.0/xtensa-esp32-elf/bin/../libexec/gcc/xtensa-esp32-elf/8.4.0/:/home/peterglen/.espressif/tools/xtensa-esp32-elf/esp-2020r3-8.4.0/xtensa-esp32-elf/bin/../libexec/gcc/:/home/peterglen/.espressif/tools/xtensa-esp32-elf/esp-2020r3-8.4.0/xtensa-esp32-elf/bin/../lib/gcc/xtensa-esp32-elf/8.4.0/../../../../xtensa-esp32-elf/bin/]
  ignore line: [LIBRARY_PATH=/home/peterglen/.espressif/tools/xtensa-esp32-elf/esp-2020r3-8.4.0/xtensa-esp32-elf/bin/../lib/gcc/xtensa-esp32-elf/8.4.0/:/home/peterglen/.espressif/tools/xtensa-esp32-elf/esp-2020r3-8.4.0/xtensa-esp32-elf/bin/../lib/gcc/:/home/peterglen/.espressif/tools/xtensa-esp32-elf/esp-2020r3-8.4.0/xtensa-esp32-elf/bin/../lib/gcc/xtensa-esp32-elf/8.4.0/../../../../xtensa-esp32-elf/lib/]
  ignore line: [COLLECT_GCC_OPTIONS='-mlongcalls' '-Wno-frame-address' '-v' '-o' 'cmTC_fa8cb']
  link line: [ /home/peterglen/.espressif/tools/xtensa-esp32-elf/esp-2020r3-8.4.0/xtensa-esp32-elf/bin/../libexec/gcc/xtensa-esp32-elf/8.4.0/collect2 -plugin /home/peterglen/.espressif/tools/xtensa-esp32-elf/esp-2020r3-8.4.0/xtensa-esp32-elf/bin/../libexec/gcc/xtensa-esp32-elf/8.4.0/liblto_plugin.so -plugin-opt=/home/peterglen/.espressif/tools/xtensa-esp32-elf/esp-2020r3-8.4.0/xtensa-esp32-elf/bin/../libexec/gcc/xtensa-esp32-elf/8.4.0/lto-wrapper -plugin-opt=-fresolution=/tmp/ccVZgFte.res -plugin-opt=-pass-through=-lgcc -plugin-opt=-pass-through=-lc -plugin-opt=-pass-through=-lnosys -plugin-opt=-pass-through=-lc -plugin-opt=-pass-through=-lgcc -o cmTC_fa8cb /home/peterglen/.espressif/tools/xtensa-esp32-elf/esp-2020r3-8.4.0/xtensa-esp32-elf/bin/../lib/gcc/xtensa-esp32-elf/8.4.0/../../../../xtensa-esp32-elf/lib/crt0.o /home/peterglen/.espressif/tools/xtensa-esp32-elf/esp-2020r3-8.4.0/xtensa-esp32-elf/bin/../lib/gcc/xtensa-esp32-elf/8.4.0/crti.o /home/peterglen/.espressif/tools/xtensa-esp32-elf/esp-2020r3-8.4.0/xtensa-esp32-elf/bin/../lib/gcc/xtensa-esp32-elf/8.4.0/crtbegin.o -L/home/peterglen/.espressif/tools/xtensa-esp32-elf/esp-2020r3-8.4.0/xtensa-esp32-elf/bin/../lib/gcc/xtensa-esp32-elf/8.4.0 -L/home/peterglen/.espressif/tools/xtensa-esp32-elf/esp-2020r3-8.4.0/xtensa-esp32-elf/bin/../lib/gcc -L/home/peterglen/.espressif/tools/xtensa-esp32-elf/esp-2020r3-8.4.0/xtensa-esp32-elf/bin/../lib/gcc/xtensa-esp32-elf/8.4.0/../../../../xtensa-esp32-elf/lib CMakeFiles/cmTC_fa8cb.dir/CMakeCCompilerABI.c.obj -lgcc -lc -lnosys -lc -lgcc /home/peterglen/.espressif/tools/xtensa-esp32-elf/esp-2020r3-8.4.0/xtensa-esp32-elf/bin/../lib/gcc/xtensa-esp32-elf/8.4.0/crtend.o /home/peterglen/.espressif/tools/xtensa-esp32-elf/esp-2020r3-8.4.0/xtensa-esp32-elf/bin/../lib/gcc/xtensa-esp32-elf/8.4.0/crtn.o]
    arg [/home/peterglen/.espressif/tools/xtensa-esp32-elf/esp-2020r3-8.4.0/xtensa-esp32-elf/bin/../libexec/gcc/xtensa-esp32-elf/8.4.0/collect2] ==> ignore
    arg [-plugin] ==> ignore
    arg [/home/peterglen/.espressif/tools/xtensa-esp32-elf/esp-2020r3-8.4.0/xtensa-esp32-elf/bin/../libexec/gcc/xtensa-esp32-elf/8.4.0/liblto_plugin.so] ==> ignore
    arg [-plugin-opt=/home/peterglen/.espressif/tools/xtensa-esp32-elf/esp-2020r3-8.4.0/xtensa-esp32-elf/bin/../libexec/gcc/xtensa-esp32-elf/8.4.0/lto-wrapper] ==> ignore
    arg [-plugin-opt=-fresolution=/tmp/ccVZgFte.res] ==> ignore
    arg [-plugin-opt=-pass-through=-lgcc] ==> ignore
    arg [-plugin-opt=-pass-through=-lc] ==> ignore
    arg [-plugin-opt=-pass-through=-lnosys] ==> ignore
    arg [-plugin-opt=-pass-through=-lc] ==> ignore
    arg [-plugin-opt=-pass-through=-lgcc] ==> ignore
    arg [-o] ==> ignore
    arg [cmTC_fa8cb] ==> ignore
    arg [/home/peterglen/.espressif/tools/xtensa-esp32-elf/esp-2020r3-8.4.0/xtensa-esp32-elf/bin/../lib/gcc/xtensa-esp32-elf/8.4.0/../../../../xtensa-esp32-elf/lib/crt0.o] ==> obj [/home/peterglen/.espressif/tools/xtensa-esp32-elf/esp-2020r3-8.4.0/xtensa-esp32-elf/bin/../lib/gcc/xtensa-esp32-elf/8.4.0/../../../../xtensa-esp32-elf/lib/crt0.o]
    arg [/home/peterglen/.espressif/tools/xtensa-esp32-elf/esp-2020r3-8.4.0/xtensa-esp32-elf/bin/../lib/gcc/xtensa-esp32-elf/8.4.0/crti.o] ==> obj [/home/peterglen/.espressif/tools/xtensa-esp32-elf/esp-2020r3-8.4.0/xtensa-esp32-elf/bin/../lib/gcc/xtensa-esp32-elf/8.4.0/crti.o]
    arg [/home/peterglen/.espressif/tools/xtensa-esp32-elf/esp-2020r3-8.4.0/xtensa-esp32-elf/bin/../lib/gcc/xtensa-esp32-elf/8.4.0/crtbegin.o] ==> obj [/home/peterglen/.espressif/tools/xtensa-esp32-elf/esp-2020r3-8.4.0/xtensa-esp32-elf/bin/../lib/gcc/xtensa-esp32-elf/8.4.0/crtbegin.o]
    arg [-L/home/peterglen/.espressif/tools/xtensa-esp32-elf/esp-2020r3-8.4.0/xtensa-esp32-elf/bin/../lib/gcc/xtensa-esp32-elf/8.4.0] ==> dir [/home/peterglen/.espressif/tools/xtensa-esp32-elf/esp-2020r3-8.4.0/xtensa-esp32-elf/bin/../lib/gcc/xtensa-esp32-elf/8.4.0]
    arg [-L/home/peterglen/.espressif/tools/xtensa-esp32-elf/esp-2020r3-8.4.0/xtensa-esp32-elf/bin/../lib/gcc] ==> dir [/home/peterglen/.espressif/tools/xtensa-esp32-elf/esp-2020r3-8.4.0/xtensa-esp32-elf/bin/../lib/gcc]
    arg [-L/home/peterglen/.espressif/tools/xtensa-esp32-elf/esp-2020r3-8.4.0/xtensa-esp32-elf/bin/../lib/gcc/xtensa-esp32-elf/8.4.0/../../../../xtensa-esp32-elf/lib] ==> dir [/home/peterglen/.espressif/tools/xtensa-esp32-elf/esp-2020r3-8.4.0/xtensa-esp32-elf/bin/../lib/gcc/xtensa-esp32-elf/8.4.0/../../../../xtensa-esp32-elf/lib]
    arg [CMakeFiles/cmTC_fa8cb.dir/CMakeCCompilerABI.c.obj] ==> ignore
    arg [-lgcc] ==> lib [gcc]
    arg [-lc] ==> lib [c]
    arg [-lnosys] ==> lib [nosys]
    arg [-lc] ==> lib [c]
    arg [-lgcc] ==> lib [gcc]
    arg [/home/peterglen/.espressif/tools/xtensa-esp32-elf/esp-2020r3-8.4.0/xtensa-esp32-elf/bin/../lib/gcc/xtensa-esp32-elf/8.4.0/crtend.o] ==> obj [/home/peterglen/.espressif/tools/xtensa-esp32-elf/esp-2020r3-8.4.0/xtensa-esp32-elf/bin/../lib/gcc/xtensa-esp32-elf/8.4.0/crtend.o]
    arg [/home/peterglen/.espressif/tools/xtensa-esp32-elf/esp-2020r3-8.4.0/xtensa-esp32-elf/bin/../lib/gcc/xtensa-esp32-elf/8.4.0/crtn.o] ==> obj [/home/peterglen/.espressif/tools/xtensa-esp32-elf/esp-2020r3-8.4.0/xtensa-esp32-elf/bin/../lib/gcc/xtensa-esp32-elf/8.4.0/crtn.o]
  collapse obj [/home/peterglen/.espressif/tools/xtensa-esp32-elf/esp-2020r3-8.4.0/xtensa-esp32-elf/bin/../lib/gcc/xtensa-esp32-elf/8.4.0/../../../../xtensa-esp32-elf/lib/crt0.o] ==> [/home/peterglen/.espressif/tools/xtensa-esp32-elf/esp-2020r3-8.4.0/xtensa-esp32-elf/xtensa-esp32-elf/lib/crt0.o]
  collapse obj [/home/peterglen/.espressif/tools/xtensa-esp32-elf/esp-2020r3-8.4.0/xtensa-esp32-elf/bin/../lib/gcc/xtensa-esp32-elf/8.4.0/crti.o] ==> [/home/peterglen/.espressif/tools/xtensa-esp32-elf/esp-2020r3-8.4.0/xtensa-esp32-elf/lib/gcc/xtensa-esp32-elf/8.4.0/crti.o]
  collapse obj [/home/peterglen/.espressif/tools/xtensa-esp32-elf/esp-2020r3-8.4.0/xtensa-esp32-elf/bin/../lib/gcc/xtensa-esp32-elf/8.4.0/crtbegin.o] ==> [/home/peterglen/.espressif/tools/xtensa-esp32-elf/esp-2020r3-8.4.0/xtensa-esp32-elf/lib/gcc/xtensa-esp32-elf/8.4.0/crtbegin.o]
  collapse obj [/home/peterglen/.espressif/tools/xtensa-esp32-elf/esp-2020r3-8.4.0/xtensa-esp32-elf/bin/../lib/gcc/xtensa-esp32-elf/8.4.0/crtend.o] ==> [/home/peterglen/.espressif/tools/xtensa-esp32-elf/esp-2020r3-8.4.0/xtensa-esp32-elf/lib/gcc/xtensa-esp32-elf/8.4.0/crtend.o]
  collapse obj [/home/peterglen/.espressif/tools/xtensa-esp32-elf/esp-2020r3-8.4.0/xtensa-esp32-elf/bin/../lib/gcc/xtensa-esp32-elf/8.4.0/crtn.o] ==> [/home/peterglen/.espressif/tools/xtensa-esp32-elf/esp-2020r3-8.4.0/xtensa-esp32-elf/lib/gcc/xtensa-esp32-elf/8.4.0/crtn.o]
  collapse library dir [/home/peterglen/.espressif/tools/xtensa-esp32-elf/esp-2020r3-8.4.0/xtensa-esp32-elf/bin/../lib/gcc/xtensa-esp32-elf/8.4.0] ==> [/home/peterglen/.espressif/tools/xtensa-esp32-elf/esp-2020r3-8.4.0/xtensa-esp32-elf/lib/gcc/xtensa-esp32-elf/8.4.0]
  collapse library dir [/home/peterglen/.espressif/tools/xtensa-esp32-elf/esp-2020r3-8.4.0/xtensa-esp32-elf/bin/../lib/gcc] ==> [/home/peterglen/.espressif/tools/xtensa-esp32-elf/esp-2020r3-8.4.0/xtensa-esp32-elf/lib/gcc]
  collapse library dir [/home/peterglen/.espressif/tools/xtensa-esp32-elf/esp-2020r3-8.4.0/xtensa-esp32-elf/bin/../lib/gcc/xtensa-esp32-elf/8.4.0/../../../../xtensa-esp32-elf/lib] ==> [/home/peterglen/.espressif/tools/xtensa-esp32-elf/esp-2020r3-8.4.0/xtensa-esp32-elf/xtensa-esp32-elf/lib]
  implicit libs: [gcc;c;nosys;c;gcc]
  implicit objs: [/home/peterglen/.espressif/tools/xtensa-esp32-elf/esp-2020r3-8.4.0/xtensa-esp32-elf/xtensa-esp32-elf/lib/crt0.o;/home/peterglen/.espressif/tools/xtensa-esp32-elf/esp-2020r3-8.4.0/xtensa-esp32-elf/lib/gcc/xtensa-esp32-elf/8.4.0/crti.o;/home/peterglen/.espressif/tools/xtensa-esp32-elf/esp-2020r3-8.4.0/xtensa-esp32-elf/lib/gcc/xtensa-esp32-elf/8.4.0/crtbegin.o;/home/peterglen/.espressif/tools/xtensa-esp32-elf/esp-2020r3-8.4.0/xtensa-esp32-elf/lib/gcc/xtensa-esp32-elf/8.4.0/crtend.o;/home/peterglen/.espressif/tools/xtensa-esp32-elf/esp-2020r3-8.4.0/xtensa-esp32-elf/lib/gcc/xtensa-esp32-elf/8.4.0/crtn.o]
  implicit dirs: [/home/peterglen/.espressif/tools/xtensa-esp32-elf/esp-2020r3-8.4.0/xtensa-esp32-elf/lib/gcc/xtensa-esp32-elf/8.4.0;/home/peterglen/.espressif/tools/xtensa-esp32-elf/esp-2020r3-8.4.0/xtensa-esp32-elf/lib/gcc;/home/peterglen/.espressif/tools/xtensa-esp32-elf/esp-2020r3-8.4.0/xtensa-esp32-elf/xtensa-esp32-elf/lib]
  implicit fwks: []


Detecting CXX compiler ABI info compiled with the following output:
Change Dir: /akostar/esp32-s2/esp-s2code/ftm/CMakeFiles/CMakeTmp

Run Build Command(s):/usr/bin/gmake -f Makefile cmTC_a13cc/fast && gmake[1]: Entering directory '/akostar/esp32-s2/esp-s2code/ftm/CMakeFiles/CMakeTmp'
/usr/bin/gmake  -f CMakeFiles/cmTC_a13cc.dir/build.make CMakeFiles/cmTC_a13cc.dir/build
gmake[2]: Entering directory '/akostar/esp32-s2/esp-s2code/ftm/CMakeFiles/CMakeTmp'
Building CXX object CMakeFiles/cmTC_a13cc.dir/CMakeCXXCompilerABI.cpp.obj
/home/peterglen/.espressif/tools/xtensa-esp32-elf/esp-2020r3-8.4.0/xtensa-esp32-elf/bin/xtensa-esp32-elf-g++   -mlongcalls -Wno-frame-address    -v -o CMakeFiles/cmTC_a13cc.dir/CMakeCXXCompilerABI.cpp.obj -c /usr/share/cmake-3.20/Modules/CMakeCXXCompilerABI.cpp
Using built-in specs.
COLLECT_GCC=/home/peterglen/.espressif/tools/xtensa-esp32-elf/esp-2020r3-8.4.0/xtensa-esp32-elf/bin/xtensa-esp32-elf-g++
Target: xtensa-esp32-elf
Configured with: /builds/idf/crosstool-NG/.build/xtensa-esp32-elf/src/gcc/configure --build=x86_64-build_pc-linux-gnu --host=x86_64-build_pc-linux-gnu --target=xtensa-esp32-elf --prefix=/builds/idf/crosstool-NG/builds/xtensa-esp32-elf --with-local-prefix=/builds/idf/crosstool-NG/builds/xtensa-esp32-elf/xtensa-esp32-elf --with-headers=/builds/idf/crosstool-NG/builds/xtensa-esp32-elf/xtensa-esp32-elf/include --with-newlib --enable-threads=no --disable-shared --with-pkgversion='crosstool-NG esp-2020r3' --disable-__cxa_atexit --enable-cxx-flags=-ffunction-sections --disable-libgomp --disable-libmudflap --disable-libmpx --disable-libssp --disable-libquadmath --disable-libquadmath-support --with-gmp=/builds/idf/crosstool-NG/.build/xtensa-esp32-elf/buildtools --with-mpfr=/builds/idf/crosstool-NG/.build/xtensa-esp32-elf/buildtools --with-mpc=/builds/idf/crosstool-NG/.build/xtensa-esp32-elf/buildtools --with-isl=/builds/idf/crosstool-NG/.build/xtensa-esp32-elf/buildtools --enable-lto --enable-target-optspace --without-long-double-128 --disable-nls --enable-multiarch --enable-languages=c,c++ --disable-libstdcxx-verbose --enable-threads=posix --enable-gcov-custom-rtio --enable-libstdcxx-time=yes
Thread model: posix
gcc version 8.4.0 (crosstool-NG esp-2020r3) 
COLLECT_GCC_OPTIONS='-mlongcalls' '-Wno-frame-address' '-v' '-o' 'CMakeFiles/cmTC_a13cc.dir/CMakeCXXCompilerABI.cpp.obj' '-c'
 /home/peterglen/.espressif/tools/xtensa-esp32-elf/esp-2020r3-8.4.0/xtensa-esp32-elf/bin/../libexec/gcc/xtensa-esp32-elf/8.4.0/cc1plus -quiet -v -iprefix /home/peterglen/.espressif/tools/xtensa-esp32-elf/esp-2020r3-8.4.0/xtensa-esp32-elf/bin/../lib/gcc/xtensa-esp32-elf/8.4.0/ /usr/share/cmake-3.20/Modules/CMakeCXXCompilerABI.cpp -quiet -dumpbase CMakeCXXCompilerABI.cpp -mlongcalls -auxbase-strip CMakeFiles/cmTC_a13cc.dir/CMakeCXXCompilerABI.cpp.obj -Wno-frame-address -version -o /tmp/ccszOwrO.s
GNU C++14 (crosstool-NG esp-2020r3) version 8.4.0 (xtensa-esp32-elf)
	compiled by GNU C version 4.9.2, GMP version 6.1.2, MPFR version 4.0.1, MPC version 1.1.0, isl version isl-0.19-GMP

GGC heuristics: --param ggc-min-expand=100 --param ggc-min-heapsize=131072
ignoring duplicate directory "/home/peterglen/.espressif/tools/xtensa-esp32-elf/esp-2020r3-8.4.0/xtensa-esp32-elf/bin/../lib/gcc/../../lib/gcc/xtensa-esp32-elf/8.4.0/../../../../xtensa-esp32-elf/include/c++/8.4.0"
ignoring duplicate directory "/home/peterglen/.espressif/tools/xtensa-esp32-elf/esp-2020r3-8.4.0/xtensa-esp32-elf/bin/../lib/gcc/../../lib/gcc/xtensa-esp32-elf/8.4.0/../../../../xtensa-esp32-elf/include/c++/8.4.0/xtensa-esp32-elf"
ignoring duplicate directory "/home/peterglen/.espressif/tools/xtensa-esp32-elf/esp-2020r3-8.4.0/xtensa-esp32-elf/bin/../lib/gcc/../../lib/gcc/xtensa-esp32-elf/8.4.0/../../../../xtensa-esp32-elf/include/c++/8.4.0/backward"
ignoring duplicate directory "/home/peterglen/.espressif/tools/xtensa-esp32-elf/esp-2020r3-8.4.0/xtensa-esp32-elf/bin/../lib/gcc/../../lib/gcc/xtensa-esp32-elf/8.4.0/include"
ignoring duplicate directory "/home/peterglen/.espressif/tools/xtensa-esp32-elf/esp-2020r3-8.4.0/xtensa-esp32-elf/bin/../lib/gcc/../../lib/gcc/xtensa-esp32-elf/8.4.0/include-fixed"
ignoring duplicate directory "/home/peterglen/.espressif/tools/xtensa-esp32-elf/esp-2020r3-8.4.0/xtensa-esp32-elf/bin/../lib/gcc/../../lib/gcc/xtensa-esp32-elf/8.4.0/../../../../xtensa-esp32-elf/sys-include"
ignoring duplicate directory "/home/peterglen/.espressif/tools/xtensa-esp32-elf/esp-2020r3-8.4.0/xtensa-esp32-elf/bin/../lib/gcc/../../lib/gcc/xtensa-esp32-elf/8.4.0/../../../../xtensa-esp32-elf/include"
#include "..." search starts here:
#include <...> search starts here:
 /home/peterglen/.espressif/tools/xtensa-esp32-elf/esp-2020r3-8.4.0/xtensa-esp32-elf/bin/../lib/gcc/xtensa-esp32-elf/8.4.0/../../../../xtensa-esp32-elf/include/c++/8.4.0
 /home/peterglen/.espressif/tools/xtensa-esp32-elf/esp-2020r3-8.4.0/xtensa-esp32-elf/bin/../lib/gcc/xtensa-esp32-elf/8.4.0/../../../../xtensa-esp32-elf/include/c++/8.4.0/xtensa-esp32-elf
 /home/peterglen/.espressif/tools/xtensa-esp32-elf/esp-2020r3-8.4.0/xtensa-esp32-elf/bin/../lib/gcc/xtensa-esp32-elf/8.4.0/../../../../xtensa-esp32-elf/include/c++/8.4.0/backward
 /home/peterglen/.espressif/tools/xtensa-esp32-elf/esp-2020r3-8.4.0/xtensa-esp32-elf/bin/../lib/gcc/xtensa-esp32-elf/8.4.0/include
 /home/peterglen/.espressif/tools/xtensa-esp32-elf/esp-2020r3-8.4.0/xtensa-esp32-elf/bin/../lib/gcc/xtensa-esp32-elf/8.4.0/include-fixed
 /home/peterglen/.espressif/tools/xtensa-esp32-elf/esp-2020r3-8.4.0/xtensa-esp32-elf/bin/../lib/gcc/xtensa-esp32-elf/8.4.0/../../../../xtensa-esp32-elf/sys-include
 /home/peterglen/.espressif/tools/xtensa-esp32-elf/esp-2020r3-8.4.0/xtensa-esp32-elf/bin/../lib/gcc/xtensa-esp32-elf/8.4.0/../../../../xtensa-esp32-elf/include
End of search list.
GNU C++14 (crosstool-NG esp-2020r3) version 8.4.0 (xtensa-esp32-elf)
	compiled by GNU C version 4.9.2, GMP version 6.1.2, MPFR version 4.0.1, MPC version 1.1.0, isl version isl-0.19-GMP

GGC heuristics: --param ggc-min-expand=100 --param ggc-min-heapsize=131072
Compiler executable checksum: 8d3d7cf4a9615fb0943a530e8219815c
COLLECT_GCC_OPTIONS='-mlongcalls' '-Wno-frame-address' '-v' '-o' 'CMakeFiles/cmTC_a13cc.dir/CMakeCXXCompilerABI.cpp.obj' '-c'
 /home/peterglen/.espressif/tools/xtensa-esp32-elf/esp-2020r3-8.4.0/xtensa-esp32-elf/bin/../lib/gcc/xtensa-esp32-elf/8.4.0/../../../../xtensa-esp32-elf/bin/as --traditional-format --longcalls -o CMakeFiles/cmTC_a13cc.dir/CMakeCXXCompilerABI.cpp.obj /tmp/ccszOwrO.s
COMPILER_PATH=/home/peterglen/.espressif/tools/xtensa-esp32-elf/esp-2020r3-8.4.0/xtensa-esp32-elf/bin/../libexec/gcc/xtensa-esp32-elf/8.4.0/:/home/peterglen/.espressif/tools/xtensa-esp32-elf/esp-2020r3-8.4.0/xtensa-esp32-elf/bin/../libexec/gcc/:/home/peterglen/.espressif/tools/xtensa-esp32-elf/esp-2020r3-8.4.0/xtensa-esp32-elf/bin/../lib/gcc/xtensa-esp32-elf/8.4.0/../../../../xtensa-esp32-elf/bin/
LIBRARY_PATH=/home/peterglen/.espressif/tools/xtensa-esp32-elf/esp-2020r3-8.4.0/xtensa-esp32-elf/bin/../lib/gcc/xtensa-esp32-elf/8.4.0/:/home/peterglen/.espressif/tools/xtensa-esp32-elf/esp-2020r3-8.4.0/xtensa-esp32-elf/bin/../lib/gcc/:/home/peterglen/.espressif/tools/xtensa-esp32-elf/esp-2020r3-8.4.0/xtensa-esp32-elf/bin/../lib/gcc/xtensa-esp32-elf/8.4.0/../../../../xtensa-esp32-elf/lib/
COLLECT_GCC_OPTIONS='-mlongcalls' '-Wno-frame-address' '-v' '-o' 'CMakeFiles/cmTC_a13cc.dir/CMakeCXXCompilerABI.cpp.obj' '-c'
Linking CXX executable cmTC_a13cc
/usr/bin/cmake -E cmake_link_script CMakeFiles/cmTC_a13cc.dir/link.txt --verbose=1
/home/peterglen/.espressif/tools/xtensa-esp32-elf/esp-2020r3-8.4.0/xtensa-esp32-elf/bin/xtensa-esp32-elf-g++ -mlongcalls -Wno-frame-address   -v CMakeFiles/cmTC_a13cc.dir/CMakeCXXCompilerABI.cpp.obj -o cmTC_a13cc 
Using built-in specs.
COLLECT_GCC=/home/peterglen/.espressif/tools/xtensa-esp32-elf/esp-2020r3-8.4.0/xtensa-esp32-elf/bin/xtensa-esp32-elf-g++
COLLECT_LTO_WRAPPER=/home/peterglen/.espressif/tools/xtensa-esp32-elf/esp-2020r3-8.4.0/xtensa-esp32-elf/bin/../libexec/gcc/xtensa-esp32-elf/8.4.0/lto-wrapper
Target: xtensa-esp32-elf
Configured with: /builds/idf/crosstool-NG/.build/xtensa-esp32-elf/src/gcc/configure --build=x86_64-build_pc-linux-gnu --host=x86_64-build_pc-linux-gnu --target=xtensa-esp32-elf --prefix=/builds/idf/crosstool-NG/builds/xtensa-esp32-elf --with-local-prefix=/builds/idf/crosstool-NG/builds/xtensa-esp32-elf/xtensa-esp32-elf --with-headers=/builds/idf/crosstool-NG/builds/xtensa-esp32-elf/xtensa-esp32-elf/include --with-newlib --enable-threads=no --disable-shared --with-pkgversion='crosstool-NG esp-2020r3' --disable-__cxa_atexit --enable-cxx-flags=-ffunction-sections --disable-libgomp --disable-libmudflap --disable-libmpx --disable-libssp --disable-libquadmath --disable-libquadmath-support --with-gmp=/builds/idf/crosstool-NG/.build/xtensa-esp32-elf/buildtools --with-mpfr=/builds/idf/crosstool-NG/.build/xtensa-esp32-elf/buildtools --with-mpc=/builds/idf/crosstool-NG/.build/xtensa-esp32-elf/buildtools --with-isl=/builds/idf/crosstool-NG/.build/xtensa-esp32-elf/buildtools --enable-lto --enable-target-optspace --without-long-double-128 --disable-nls --enable-multiarch --enable-languages=c,c++ --disable-libstdcxx-verbose --enable-threads=posix --enable-gcov-custom-rtio --enable-libstdcxx-time=yes
Thread model: posix
gcc version 8.4.0 (crosstool-NG esp-2020r3) 
COMPILER_PATH=/home/peterglen/.espressif/tools/xtensa-esp32-elf/esp-2020r3-8.4.0/xtensa-esp32-elf/bin/../libexec/gcc/xtensa-esp32-elf/8.4.0/:/home/peterglen/.espressif/tools/xtensa-esp32-elf/esp-2020r3-8.4.0/xtensa-esp32-elf/bin/../libexec/gcc/:/home/peterglen/.espressif/tools/xtensa-esp32-elf/esp-2020r3-8.4.0/xtensa-esp32-elf/bin/../lib/gcc/xtensa-esp32-elf/8.4.0/../../../../xtensa-esp32-elf/bin/
LIBRARY_PATH=/home/peterglen/.espressif/tools/xtensa-esp32-elf/esp-2020r3-8.4.0/xtensa-esp32-elf/bin/../lib/gcc/xtensa-esp32-elf/8.4.0/:/home/peterglen/.espressif/tools/xtensa-esp32-elf/esp-2020r3-8.4.0/xtensa-esp32-elf/bin/../lib/gcc/:/home/peterglen/.espressif/tools/xtensa-esp32-elf/esp-2020r3-8.4.0/xtensa-esp32-elf/bin/../lib/gcc/xtensa-esp32-elf/8.4.0/../../../../xtensa-esp32-elf/lib/
COLLECT_GCC_OPTIONS='-mlongcalls' '-Wno-frame-address' '-v' '-o' 'cmTC_a13cc'
 /home/peterglen/.espressif/tools/xtensa-esp32-elf/esp-2020r3-8.4.0/xtensa-esp32-elf/bin/../libexec/gcc/xtensa-esp32-elf/8.4.0/collect2 -plugin /home/peterglen/.espressif/tools/xtensa-esp32-elf/esp-2020r3-8.4.0/xtensa-esp32-elf/bin/../libexec/gcc/xtensa-esp32-elf/8.4.0/liblto_plugin.so -plugin-opt=/home/peterglen/.espressif/tools/xtensa-esp32-elf/esp-2020r3-8.4.0/xtensa-esp32-elf/bin/../libexec/gcc/xtensa-esp32-elf/8.4.0/lto-wrapper -plugin-opt=-fresolution=/tmp/ccxJqkwg.res -plugin-opt=-pass-through=-lgcc -plugin-opt=-pass-through=-lc -plugin-opt=-pass-through=-lnosys -plugin-opt=-pass-through=-lc -plugin-opt=-pass-through=-lgcc -o cmTC_a13cc /home/peterglen/.espressif/tools/xtensa-esp32-elf/esp-2020r3-8.4.0/xtensa-esp32-elf/bin/../lib/gcc/xtensa-esp32-elf/8.4.0/../../../../xtensa-esp32-elf/lib/crt0.o /home/peterglen/.espressif/tools/xtensa-esp32-elf/esp-2020r3-8.4.0/xtensa-esp32-elf/bin/../lib/gcc/xtensa-esp32-elf/8.4.0/crti.o /home/peterglen/.espressif/tools/xtensa-esp32-elf/esp-2020r3-8.4.0/xtensa-esp32-elf/bin/../lib/gcc/xtensa-esp32-elf/8.4.0/crtbegin.o -L/home/peterglen/.espressif/tools/xtensa-esp32-elf/esp-2020r3-8.4.0/xtensa-esp32-elf/bin/../lib/gcc/xtensa-esp32-elf/8.4.0 -L/home/peterglen/.espressif/tools/xtensa-esp32-elf/esp-2020r3-8.4.0/xtensa-esp32-elf/bin/../lib/gcc -L/home/peterglen/.espressif/tools/xtensa-esp32-elf/esp-2020r3-8.4.0/xtensa-esp32-elf/bin/../lib/gcc/xtensa-esp32-elf/8.4.0/../../../../xtensa-esp32-elf/lib CMakeFiles/cmTC_a13cc.dir/CMakeCXXCompilerABI.cpp.obj -lstdc++ -lm -lgcc -lc -lnosys -lc -lgcc /home/peterglen/.espressif/tools/xtensa-esp32-elf/esp-2020r3-8.4.0/xtensa-esp32-elf/bin/../lib/gcc/xtensa-esp32-elf/8.4.0/crtend.o /home/peterglen/.espressif/tools/xtensa-esp32-elf/esp-2020r3-8.4.0/xtensa-esp32-elf/bin/../lib/gcc/xtensa-esp32-elf/8.4.0/crtn.o
COLLECT_GCC_OPTIONS='-mlongcalls' '-Wno-frame-address' '-v' '-o' 'cmTC_a13cc'
gmake[2]: Leaving directory '/akostar/esp32-s2/esp-s2code/ftm/CMakeFiles/CMakeTmp'
gmake[1]: Leaving directory '/akostar/esp32-s2/esp-s2code/ftm/CMakeFiles/CMakeTmp'



Parsed CXX implicit include dir info from above output: rv=done
  found start of include info
  found start of implicit include info
    add: [/home/peterglen/.espressif/tools/xtensa-esp32-elf/esp-2020r3-8.4.0/xtensa-esp32-elf/bin/../lib/gcc/xtensa-esp32-elf/8.4.0/../../../../xtensa-esp32-elf/include/c++/8.4.0]
    add: [/home/peterglen/.espressif/tools/xtensa-esp32-elf/esp-2020r3-8.4.0/xtensa-esp32-elf/bin/../lib/gcc/xtensa-esp32-elf/8.4.0/../../../../xtensa-esp32-elf/include/c++/8.4.0/xtensa-esp32-elf]
    add: [/home/peterglen/.espressif/tools/xtensa-esp32-elf/esp-2020r3-8.4.0/xtensa-esp32-elf/bin/../lib/gcc/xtensa-esp32-elf/8.4.0/../../../../xtensa-esp32-elf/include/c++/8.4.0/backward]
    add: [/home/peterglen/.espressif/tools/xtensa-esp32-elf/esp-2020r3-8.4.0/xtensa-esp32-elf/bin/../lib/gcc/xtensa-esp32-elf/8.4.0/include]
    add: [/home/peterglen/.espressif/tools/xtensa-esp32-elf/esp-2020r3-8.4.0/xtensa-esp32-elf/bin/../lib/gcc/xtensa-esp32-elf/8.4.0/include-fixed]
    add: [/home/peterglen/.espressif/tools/xtensa-esp32-elf/esp-2020r3-8.4.0/xtensa-esp32-elf/bin/../lib/gcc/xtensa-esp32-elf/8.4.0/../../../../xtensa-esp32-elf/sys-include]
    add: [/home/peterglen/.espressif/tools/xtensa-esp32-elf/esp-2020r3-8.4.0/xtensa-esp32-elf/bin/../lib/gcc/xtensa-esp32-elf/8.4.0/../../../../xtensa-esp32-elf/include]
  end of search list found
  collapse include dir [/home/peterglen/.espressif/tools/xtensa-esp32-elf/esp-2020r3-8.4.0/xtensa-esp32-elf/bin/../lib/gcc/xtensa-esp32-elf/8.4.0/../../../../xtensa-esp32-elf/include/c++/8.4.0] ==> [/home/peterglen/.espressif/tools/xtensa-esp32-elf/esp-2020r3-8.4.0/xtensa-esp32-elf/xtensa-esp32-elf/include/c++/8.4.0]
  collapse include dir [/home/peterglen/.espressif/tools/xtensa-esp32-elf/esp-2020r3-8.4.0/xtensa-esp32-elf/bin/../lib/gcc/xtensa-esp32-elf/8.4.0/../../../../xtensa-esp32-elf/include/c++/8.4.0/xtensa-esp32-elf] ==> [/home/peterglen/.espressif/tools/xtensa-esp32-elf/esp-2020r3-8.4.0/xtensa-esp32-elf/xtensa-esp32-elf/include/c++/8.4.0/xtensa-esp32-elf]
  collapse include dir [/home/peterglen/.espressif/tools/xtensa-esp32-elf/esp-2020r3-8.4.0/xtensa-esp32-elf/bin/../lib/gcc/xtensa-esp32-elf/8.4.0/../../../../xtensa-esp32-elf/include/c++/8.4.0/backward] ==> [/home/peterglen/.espressif/tools/xtensa-esp32-elf/esp-2020r3-8.4.0/xtensa-esp32-elf/xtensa-esp32-elf/include/c++/8.4.0/backward]
  collapse include dir [/home/peterglen/.espressif/tools/xtensa-esp32-elf/esp-2020r3-8.4.0/xtensa-esp32-elf/bin/../lib/gcc/xtensa-esp32-elf/8.4.0/include] ==> [/home/peterglen/.espressif/tools/xtensa-esp32-elf/esp-2020r3-8.4.0/xtensa-esp32-elf/lib/gcc/xtensa-esp32-elf/8.4.0/include]
  collapse include dir [/home/peterglen/.espressif/tools/xtensa-esp32-elf/esp-2020r3-8.4.0/xtensa-esp32-elf/bin/../lib/gcc/xtensa-esp32-elf/8.4.0/include-fixed] ==> [/home/peterglen/.espressif/tools/xtensa-esp32-elf/esp-2020r3-8.4.0/xtensa-esp32-elf/lib/gcc/xtensa-esp32-elf/8.4.0/include-fixed]
  collapse include dir [/home/peterglen/.espressif/tools/xtensa-esp32-elf/esp-2020r3-8.4.0/xtensa-esp32-elf/bin/../lib/gcc/xtensa-esp32-elf/8.4.0/../../../../xtensa-esp32-elf/sys-include] ==> [/home/peterglen/.espressif/tools/xtensa-esp32-elf/esp-2020r3-8.4.0/xtensa-esp32-elf/xtensa-esp32-elf/sys-include]
  collapse include dir [/home/peterglen/.espressif/tools/xtensa-esp32-elf/esp-2020r3-8.4.0/xtensa-esp32-elf/bin/../lib/gcc/xtensa-esp32-elf/8.4.0/../../../../xtensa-esp32-elf/include] ==> [/home/peterglen/.espressif/tools/xtensa-esp32-elf/esp-2020r3-8.4.0/xtensa-esp32-elf/xtensa-esp32-elf/include]
  implicit include dirs: [/home/peterglen/.espressif/tools/xtensa-esp32-elf/esp-2020r3-8.4.0/xtensa-esp32-elf/xtensa-esp32-elf/include/c++/8.4.0;/home/peterglen/.espressif/tools/xtensa-esp32-elf/esp-2020r3-8.4.0/xtensa-esp32-elf/xtensa-esp32-elf/include/c++/8.4.0/xtensa-esp32-elf;/home/peterglen/.espressif/tools/xtensa-esp32-elf/esp-2020r3-8.4.0/xtensa-esp32-elf/xtensa-esp32-elf/include/c++/8.4.0/backward;/home/peterglen/.espressif/tools/xtensa-esp32-elf/esp-2020r3-8.4.0/xtensa-esp32-elf/lib/gcc/xtensa-esp32-elf/8.4.0/include;/home/peterglen/.espressif/tools/xtensa-esp32-elf/esp-2020r3-8.4.0/xtensa-esp32-elf/lib/gcc/xtensa-esp32-elf/8.4.0/include-fixed;/home/peterglen/.espressif/tools/xtensa-esp32-elf/esp-2020r3-8.4.0/xtensa-esp32-elf/xtensa-esp32-elf/sys-include;/home/peterglen/.espressif/tools/xtensa-esp32-elf/esp-2020r3-8.4.0/xtensa-esp32-elf/xtensa-esp32-elf/include]


Parsed CXX implicit link information from above output:
  link line regex: [^( *|.*[/\])(xtensa-esp32-elf-ld|CMAKE_LINK_STARTFILE-NOTFOUND|([^/\]+-)?ld|collect2)[^/\]*( |$)]
  ignore line: [Change Dir: /akostar/esp32-s2/esp-s2code/ftm/CMakeFiles/CMakeTmp]
  ignore line: []
  ignore line: [Run Build Command(s):/usr/bin/gmake -f Makefile cmTC_a13cc/fast && gmake[1]: Entering directory '/akostar/esp32-s2/esp-s2code/ftm/CMakeFiles/CMakeTmp']
  ignore line: [/usr/bin/gmake  -f CMakeFiles/cmTC_a13cc.dir/build.make CMakeFiles/cmTC_a13cc.dir/build]
  ignore line: [gmake[2]: Entering directory '/akostar/esp32-s2/esp-s2code/ftm/CMakeFiles/CMakeTmp']
  ignore line: [Building CXX object CMakeFiles/cmTC_a13cc.dir/CMakeCXXCompilerABI.cpp.obj]
  ignore line: [/home/peterglen/.espressif/tools/xtensa-esp32-elf/esp-2020r3-8.4.0/xtensa-esp32-elf/bin/xtensa-esp32-elf-g++   -mlongcalls -Wno-frame-address    -v -o CMakeFiles/cmTC_a13cc.dir/CMakeCXXCompilerABI.cpp.obj -c /usr/share/cmake-3.20/Modules/CMakeCXXCompilerABI.cpp]
  ignore line: [Using built-in specs.]
  ignore line: [COLLECT_GCC=/home/peterglen/.espressif/tools/xtensa-esp32-elf/esp-2020r3-8.4.0/xtensa-esp32-elf/bin/xtensa-esp32-elf-g++]
  ignore line: [Target: xtensa-esp32-elf]
  ignore line: [Configured with: /builds/idf/crosstool-NG/.build/xtensa-esp32-elf/src/gcc/configure --build=x86_64-build_pc-linux-gnu --host=x86_64-build_pc-linux-gnu --target=xtensa-esp32-elf --prefix=/builds/idf/crosstool-NG/builds/xtensa-esp32-elf --with-local-prefix=/builds/idf/crosstool-NG/builds/xtensa-esp32-elf/xtensa-esp32-elf --with-headers=/builds/idf/crosstool-NG/builds/xtensa-esp32-elf/xtensa-esp32-elf/include --with-newlib --enable-threads=no --disable-shared --with-pkgversion='crosstool-NG esp-2020r3' --disable-__cxa_atexit --enable-cxx-flags=-ffunction-sections --disable-libgomp --disable-libmudflap --disable-libmpx --disable-libssp --disable-libquadmath --disable-libquadmath-support --with-gmp=/builds/idf/crosstool-NG/.build/xtensa-esp32-elf/buildtools --with-mpfr=/builds/idf/crosstool-NG/.build/xtensa-esp32-elf/buildtools --with-mpc=/builds/idf/crosstool-NG/.build/xtensa-esp32-elf/buildtools --with-isl=/builds/idf/crosstool-NG/.build/xtensa-esp32-elf/buildtools --enable-lto --enable-target-optspace --without-long-double-128 --disable-nls --enable-multiarch --enable-languages=c c++ --disable-libstdcxx-verbose --enable-threads=posix --enable-gcov-custom-rtio --enable-libstdcxx-time=yes]
  ignore line: [Thread model: posix]
  ignore line: [gcc version 8.4.0 (crosstool-NG esp-2020r3) ]
  ignore line: [COLLECT_GCC_OPTIONS='-mlongcalls' '-Wno-frame-address' '-v' '-o' 'CMakeFiles/cmTC_a13cc.dir/CMakeCXXCompilerABI.cpp.obj' '-c']
  ignore line: [ /home/peterglen/.espressif/tools/xtensa-esp32-elf/esp-2020r3-8.4.0/xtensa-esp32-elf/bin/../libexec/gcc/xtensa-esp32-elf/8.4.0/cc1plus -quiet -v -iprefix /home/peterglen/.espressif/tools/xtensa-esp32-elf/esp-2020r3-8.4.0/xtensa-esp32-elf/bin/../lib/gcc/xtensa-esp32-elf/8.4.0/ /usr/share/cmake-3.20/Modules/CMakeCXXCompilerABI.cpp -quiet -dumpbase CMakeCXXCompilerABI.cpp -mlongcalls -auxbase-strip CMakeFiles/cmTC_a13cc.dir/CMakeCXXCompilerABI.cpp.obj -Wno-frame-address -version -o /tmp/ccszOwrO.s]
  ignore line: [GNU C++14 (crosstool-NG esp-2020r3) version 8.4.0 (xtensa-esp32-elf)]
  ignore line: [	compiled by GNU C version 4.9.2  GMP version 6.1.2  MPFR version 4.0.1  MPC version 1.1.0  isl version isl-0.19-GMP]
  ignore line: []
  ignore line: [GGC heuristics: --param ggc-min-expand=100 --param ggc-min-heapsize=131072]
  ignore line: [ignoring duplicate directory "/home/peterglen/.espressif/tools/xtensa-esp32-elf/esp-2020r3-8.4.0/xtensa-esp32-elf/bin/../lib/gcc/../../lib/gcc/xtensa-esp32-elf/8.4.0/../../../../xtensa-esp32-elf/include/c++/8.4.0"]
  ignore line: [ignoring duplicate directory "/home/peterglen/.espressif/tools/xtensa-esp32-elf/esp-2020r3-8.4.0/xtensa-esp32-elf/bin/../lib/gcc/../../lib/gcc/xtensa-esp32-elf/8.4.0/../../../../xtensa-esp32-elf/include/c++/8.4.0/xtensa-esp32-elf"]
  ignore line: [ignoring duplicate directory "/home/peterglen/.espressif/tools/xtensa-esp32-elf/esp-2020r3-8.4.0/xtensa-esp32-elf/bin/../lib/gcc/../../lib/gcc/xtensa-esp32-elf/8.4.0/../../../../xtensa-esp32-elf/include/c++/8.4.0/backward"]
  ignore line: [ignoring duplicate directory "/home/peterglen/.espressif/tools/xtensa-esp32-elf/esp-2020r3-8.4.0/xtensa-esp32-elf/bin/../lib/gcc/../../lib/gcc/xtensa-esp32-elf/8.4.0/include"]
  ignore line: [ignoring duplicate directory "/home/peterglen/.espressif/tools/xtensa-esp32-elf/esp-2020r3-8.4.0/xtensa-esp32-elf/bin/../lib/gcc/../../lib/gcc/xtensa-esp32-elf/8.4.0/include-fixed"]
  ignore line: [ignoring duplicate directory "/home/peterglen/.espressif/tools/xtensa-esp32-elf/esp-2020r3-8.4.0/xtensa-esp32-elf/bin/../lib/gcc/../../lib/gcc/xtensa-esp32-elf/8.4.0/../../../../xtensa-esp32-elf/sys-include"]
  ignore line: [ignoring duplicate directory "/home/peterglen/.espressif/tools/xtensa-esp32-elf/esp-2020r3-8.4.0/xtensa-esp32-elf/bin/../lib/gcc/../../lib/gcc/xtensa-esp32-elf/8.4.0/../../../../xtensa-esp32-elf/include"]
  ignore line: [#include "..." search starts here:]
  ignore line: [#include <...> search starts here:]
  ignore line: [ /home/peterglen/.espressif/tools/xtensa-esp32-elf/esp-2020r3-8.4.0/xtensa-esp32-elf/bin/../lib/gcc/xtensa-esp32-elf/8.4.0/../../../../xtensa-esp32-elf/include/c++/8.4.0]
  ignore line: [ /home/peterglen/.espressif/tools/xtensa-esp32-elf/esp-2020r3-8.4.0/xtensa-esp32-elf/bin/../lib/gcc/xtensa-esp32-elf/8.4.0/../../../../xtensa-esp32-elf/include/c++/8.4.0/xtensa-esp32-elf]
  ignore line: [ /home/peterglen/.espressif/tools/xtensa-esp32-elf/esp-2020r3-8.4.0/xtensa-esp32-elf/bin/../lib/gcc/xtensa-esp32-elf/8.4.0/../../../../xtensa-esp32-elf/include/c++/8.4.0/backward]
  ignore line: [ /home/peterglen/.espressif/tools/xtensa-esp32-elf/esp-2020r3-8.4.0/xtensa-esp32-elf/bin/../lib/gcc/xtensa-esp32-elf/8.4.0/include]
  ignore line: [ /home/peterglen/.espressif/tools/xtensa-esp32-elf/esp-2020r3-8.4.0/xtensa-esp32-elf/bin/../lib/gcc/xtensa-esp32-elf/8.4.0/include-fixed]
  ignore line: [ /home/peterglen/.espressif/tools/xtensa-esp32-elf/esp-2020r3-8.4.0/xtensa-esp32-elf/bin/../lib/gcc/xtensa-esp32-elf/8.4.0/../../../../xtensa-esp32-elf/sys-include]
  ignore line: [ /home/peterglen/.espressif/tools/xtensa-esp32-elf/esp-2020r3-8.4.0/xtensa-esp32-elf/bin/../lib/gcc/xtensa-esp32-elf/8.4.0/../../../../xtensa-esp32-elf/include]
  ignore line: [End of search list.]
  ignore line: [GNU C++14 (crosstool-NG esp-2020r3) version 8.4.0 (xtensa-esp32-elf)]
  ignore line: [	compiled by GNU C version 4.9.2  GMP version 6.1.2  MPFR version 4.0.1  MPC version 1.1.0  isl version isl-0.19-GMP]
  ignore line: []
  ignore line: [GGC heuristics: --param ggc-min-expand=100 --param ggc-min-heapsize=131072]
  ignore line: [Compiler executable checksum: 8d3d7cf4a9615fb0943a530e8219815c]
  ignore line: [COLLECT_GCC_OPTIONS='-mlongcalls' '-Wno-frame-address' '-v' '-o' 'CMakeFiles/cmTC_a13cc.dir/CMakeCXXCompilerABI.cpp.obj' '-c']
  ignore line: [ /home/peterglen/.espressif/tools/xtensa-esp32-elf/esp-2020r3-8.4.0/xtensa-esp32-elf/bin/../lib/gcc/xtensa-esp32-elf/8.4.0/../../../../xtensa-esp32-elf/bin/as --traditional-format --longcalls -o CMakeFiles/cmTC_a13cc.dir/CMakeCXXCompilerABI.cpp.obj /tmp/ccszOwrO.s]
  ignore line: [COMPILER_PATH=/home/peterglen/.espressif/tools/xtensa-esp32-elf/esp-2020r3-8.4.0/xtensa-esp32-elf/bin/../libexec/gcc/xtensa-esp32-elf/8.4.0/:/home/peterglen/.espressif/tools/xtensa-esp32-elf/esp-2020r3-8.4.0/xtensa-esp32-elf/bin/../libexec/gcc/:/home/peterglen/.espressif/tools/xtensa-esp32-elf/esp-2020r3-8.4.0/xtensa-esp32-elf/bin/../lib/gcc/xtensa-esp32-elf/8.4.0/../../../../xtensa-esp32-elf/bin/]
  ignore line: [LIBRARY_PATH=/home/peterglen/.espressif/tools/xtensa-esp32-elf/esp-2020r3-8.4.0/xtensa-esp32-elf/bin/../lib/gcc/xtensa-esp32-elf/8.4.0/:/home/peterglen/.espressif/tools/xtensa-esp32-elf/esp-2020r3-8.4.0/xtensa-esp32-elf/bin/../lib/gcc/:/home/peterglen/.espressif/tools/xtensa-esp32-elf/esp-2020r3-8.4.0/xtensa-esp32-elf/bin/../lib/gcc/xtensa-esp32-elf/8.4.0/../../../../xtensa-esp32-elf/lib/]
  ignore line: [COLLECT_GCC_OPTIONS='-mlongcalls' '-Wno-frame-address' '-v' '-o' 'CMakeFiles/cmTC_a13cc.dir/CMakeCXXCompilerABI.cpp.obj' '-c']
  ignore line: [Linking CXX executable cmTC_a13cc]
  ignore line: [/usr/bin/cmake -E cmake_link_script CMakeFiles/cmTC_a13cc.dir/link.txt --verbose=1]
  ignore line: [/home/peterglen/.espressif/tools/xtensa-esp32-elf/esp-2020r3-8.4.0/xtensa-esp32-elf/bin/xtensa-esp32-elf-g++ -mlongcalls -Wno-frame-address   -v CMakeFiles/cmTC_a13cc.dir/CMakeCXXCompilerABI.cpp.obj -o cmTC_a13cc ]
  ignore line: [Using built-in specs.]
  ignore line: [COLLECT_GCC=/home/peterglen/.espressif/tools/xtensa-esp32-elf/esp-2020r3-8.4.0/xtensa-esp32-elf/bin/xtensa-esp32-elf-g++]
  ignore line: [COLLECT_LTO_WRAPPER=/home/peterglen/.espressif/tools/xtensa-esp32-elf/esp-2020r3-8.4.0/xtensa-esp32-elf/bin/../libexec/gcc/xtensa-esp32-elf/8.4.0/lto-wrapper]
  ignore line: [Target: xtensa-esp32-elf]
  ignore line: [Configured with: /builds/idf/crosstool-NG/.build/xtensa-esp32-elf/src/gcc/configure --build=x86_64-build_pc-linux-gnu --host=x86_64-build_pc-linux-gnu --target=xtensa-esp32-elf --prefix=/builds/idf/crosstool-NG/builds/xtensa-esp32-elf --with-local-prefix=/builds/idf/crosstool-NG/builds/xtensa-esp32-elf/xtensa-esp32-elf --with-headers=/builds/idf/crosstool-NG/builds/xtensa-esp32-elf/xtensa-esp32-elf/include --with-newlib --enable-threads=no --disable-shared --with-pkgversion='crosstool-NG esp-2020r3' --disable-__cxa_atexit --enable-cxx-flags=-ffunction-sections --disable-libgomp --disable-libmudflap --disable-libmpx --disable-libssp --disable-libquadmath --disable-libquadmath-support --with-gmp=/builds/idf/crosstool-NG/.build/xtensa-esp32-elf/buildtools --with-mpfr=/builds/idf/crosstool-NG/.build/xtensa-esp32-elf/buildtools --with-mpc=/builds/idf/crosstool-NG/.build/xtensa-esp32-elf/buildtools --with-isl=/builds/idf/crosstool-NG/.build/xtensa-esp32-elf/buildtools --enable-lto --enable-target-optspace --without-long-double-128 --disable-nls --enable-multiarch --enable-languages=c c++ --disable-libstdcxx-verbose --enable-threads=posix --enable-gcov-custom-rtio --enable-libstdcxx-time=yes]
  ignore line: [Thread model: posix]
  ignore line: [gcc version 8.4.0 (crosstool-NG esp-2020r3) ]
  ignore line: [COMPILER_PATH=/home/peterglen/.espressif/tools/xtensa-esp32-elf/esp-2020r3-8.4.0/xtensa-esp32-elf/bin/../libexec/gcc/xtensa-esp32-elf/8.4.0/:/home/peterglen/.espressif/tools/xtensa-esp32-elf/esp-2020r3-8.4.0/xtensa-esp32-elf/bin/../libexec/gcc/:/home/peterglen/.espressif/tools/xtensa-esp32-elf/esp-2020r3-8.4.0/xtensa-esp32-elf/bin/../lib/gcc/xtensa-esp32-elf/8.4.0/../../../../xtensa-esp32-elf/bin/]
  ignore line: [LIBRARY_PATH=/home/peterglen/.espressif/tools/xtensa-esp32-elf/esp-2020r3-8.4.0/xtensa-esp32-elf/bin/../lib/gcc/xtensa-esp32-elf/8.4.0/:/home/peterglen/.espressif/tools/xtensa-esp32-elf/esp-2020r3-8.4.0/xtensa-esp32-elf/bin/../lib/gcc/:/home/peterglen/.espressif/tools/xtensa-esp32-elf/esp-2020r3-8.4.0/xtensa-esp32-elf/bin/../lib/gcc/xtensa-esp32-elf/8.4.0/../../../../xtensa-esp32-elf/lib/]
  ignore line: [COLLECT_GCC_OPTIONS='-mlongcalls' '-Wno-frame-address' '-v' '-o' 'cmTC_a13cc']
  link line: [ /home/peterglen/.espressif/tools/xtensa-esp32-elf/esp-2020r3-8.4.0/xtensa-esp32-elf/bin/../libexec/gcc/xtensa-esp32-elf/8.4.0/collect2 -plugin /home/peterglen/.espressif/tools/xtensa-esp32-elf/esp-2020r3-8.4.0/xtensa-esp32-elf/bin/../libexec/gcc/xtensa-esp32-elf/8.4.0/liblto_plugin.so -plugin-opt=/home/peterglen/.espressif/tools/xtensa-esp32-elf/esp-2020r3-8.4.0/xtensa-esp32-elf/bin/../libexec/gcc/xtensa-esp32-elf/8.4.0/lto-wrapper -plugin-opt=-fresolution=/tmp/ccxJqkwg.res -plugin-opt=-pass-through=-lgcc -plugin-opt=-pass-through=-lc -plugin-opt=-pass-through=-lnosys -plugin-opt=-pass-through=-lc -plugin-opt=-pass-through=-lgcc -o cmTC_a13cc /home/peterglen/.espressif/tools/xtensa-esp32-elf/esp-2020r3-8.4.0/xtensa-esp32-elf/bin/../lib/gcc/xtensa-esp32-elf/8.4.0/../../../../xtensa-esp32-elf/lib/crt0.o /home/peterglen/.espressif/tools/xtensa-esp32-elf/esp-2020r3-8.4.0/xtensa-esp32-elf/bin/../lib/gcc/xtensa-esp32-elf/8.4.0/crti.o /home/peterglen/.espressif/tools/xtensa-esp32-elf/esp-2020r3-8.4.0/xtensa-esp32-elf/bin/../lib/gcc/xtensa-esp32-elf/8.4.0/crtbegin.o -L/home/peterglen/.espressif/tools/xtensa-esp32-elf/esp-2020r3-8.4.0/xtensa-esp32-elf/bin/../lib/gcc/xtensa-esp32-elf/8.4.0 -L/home/peterglen/.espressif/tools/xtensa-esp32-elf/esp-2020r3-8.4.0/xtensa-esp32-elf/bin/../lib/gcc -L/home/peterglen/.espressif/tools/xtensa-esp32-elf/esp-2020r3-8.4.0/xtensa-esp32-elf/bin/../lib/gcc/xtensa-esp32-elf/8.4.0/../../../../xtensa-esp32-elf/lib CMakeFiles/cmTC_a13cc.dir/CMakeCXXCompilerABI.cpp.obj -lstdc++ -lm -lgcc -lc -lnosys -lc -lgcc /home/peterglen/.espressif/tools/xtensa-esp32-elf/esp-2020r3-8.4.0/xtensa-esp32-elf/bin/../lib/gcc/xtensa-esp32-elf/8.4.0/crtend.o /home/peterglen/.espressif/tools/xtensa-esp32-elf/esp-2020r3-8.4.0/xtensa-esp32-elf/bin/../lib/gcc/xtensa-esp32-elf/8.4.0/crtn.o]
    arg [/home/peterglen/.espressif/tools/xtensa-esp32-elf/esp-2020r3-8.4.0/xtensa-esp32-elf/bin/../libexec/gcc/xtensa-esp32-elf/8.4.0/collect2] ==> ignore
    arg [-plugin] ==> ignore
    arg [/home/peterglen/.espressif/tools/xtensa-esp32-elf/esp-2020r3-8.4.0/xtensa-esp32-elf/bin/../libexec/gcc/xtensa-esp32-elf/8.4.0/liblto_plugin.so] ==> ignore
    arg [-plugin-opt=/home/peterglen/.espressif/tools/xtensa-esp32-elf/esp-2020r3-8.4.0/xtensa-esp32-elf/bin/../libexec/gcc/xtensa-esp32-elf/8.4.0/lto-wrapper] ==> ignore
    arg [-plugin-opt=-fresolution=/tmp/ccxJqkwg.res] ==> ignore
    arg [-plugin-opt=-pass-through=-lgcc] ==> ignore
    arg [-plugin-opt=-pass-through=-lc] ==> ignore
    arg [-plugin-opt=-pass-through=-lnosys] ==> ignore
    arg [-plugin-opt=-pass-through=-lc] ==> ignore
    arg [-plugin-opt=-pass-through=-lgcc] ==> ignore
    arg [-o] ==> ignore
    arg [cmTC_a13cc] ==> ignore
    arg [/home/peterglen/.espressif/tools/xtensa-esp32-elf/esp-2020r3-8.4.0/xtensa-esp32-elf/bin/../lib/gcc/xtensa-esp32-elf/8.4.0/../../../../xtensa-esp32-elf/lib/crt0.o] ==> obj [/home/peterglen/.espressif/tools/xtensa-esp32-elf/esp-2020r3-8.4.0/xtensa-esp32-elf/bin/../lib/gcc/xtensa-esp32-elf/8.4.0/../../../../xtensa-esp32-elf/lib/crt0.o]
    arg [/home/peterglen/.espressif/tools/xtensa-esp32-elf/esp-2020r3-8.4.0/xtensa-esp32-elf/bin/../lib/gcc/xtensa-esp32-elf/8.4.0/crti.o] ==> obj [/home/peterglen/.espressif/tools/xtensa-esp32-elf/esp-2020r3-8.4.0/xtensa-esp32-elf/bin/../lib/gcc/xtensa-esp32-elf/8.4.0/crti.o]
    arg [/home/peterglen/.espressif/tools/xtensa-esp32-elf/esp-2020r3-8.4.0/xtensa-esp32-elf/bin/../lib/gcc/xtensa-esp32-elf/8.4.0/crtbegin.o] ==> obj [/home/peterglen/.espressif/tools/xtensa-esp32-elf/esp-2020r3-8.4.0/xtensa-esp32-elf/bin/../lib/gcc/xtensa-esp32-elf/8.4.0/crtbegin.o]
    arg [-L/home/peterglen/.espressif/tools/xtensa-esp32-elf/esp-2020r3-8.4.0/xtensa-esp32-elf/bin/../lib/gcc/xtensa-esp32-elf/8.4.0] ==> dir [/home/peterglen/.espressif/tools/xtensa-esp32-elf/esp-2020r3-8.4.0/xtensa-esp32-elf/bin/../lib/gcc/xtensa-esp32-elf/8.4.0]
    arg [-L/home/peterglen/.espressif/tools/xtensa-esp32-elf/esp-2020r3-8.4.0/xtensa-esp32-elf/bin/../lib/gcc] ==> dir [/home/peterglen/.espressif/tools/xtensa-esp32-elf/esp-2020r3-8.4.0/xtensa-esp32-elf/bin/../lib/gcc]
    arg [-L/home/peterglen/.espressif/tools/xtensa-esp32-elf/esp-2020r3-8.4.0/xtensa-esp32-elf/bin/../lib/gcc/xtensa-esp32-elf/8.4.0/../../../../xtensa-esp32-elf/lib] ==> dir [/home/peterglen/.espressif/tools/xtensa-esp32-elf/esp-2020r3-8.4.0/xtensa-esp32-elf/bin/../lib/gcc/xtensa-esp32-elf/8.4.0/../../../../xtensa-esp32-elf/lib]
    arg [CMakeFiles/cmTC_a13cc.dir/CMakeCXXCompilerABI.cpp.obj] ==> ignore
    arg [-lstdc++] ==> lib [stdc++]
    arg [-lm] ==> lib [m]
    arg [-lgcc] ==> lib [gcc]
    arg [-lc] ==> lib [c]
    arg [-lnosys] ==> lib [nosys]
    arg [-lc] ==> lib [c]
    arg [-lgcc] ==> lib [gcc]
    arg [/home/peterglen/.espressif/tools/xtensa-esp32-elf/esp-2020r3-8.4.0/xtensa-esp32-elf/bin/../lib/gcc/xtensa-esp32-elf/8.4.0/crtend.o] ==> obj [/home/peterglen/.espressif/tools/xtensa-esp32-elf/esp-2020r3-8.4.0/xtensa-esp32-elf/bin/../lib/gcc/xtensa-esp32-elf/8.4.0/crtend.o]
    arg [/home/peterglen/.espressif/tools/xtensa-esp32-elf/esp-2020r3-8.4.0/xtensa-esp32-elf/bin/../lib/gcc/xtensa-esp32-elf/8.4.0/crtn.o] ==> obj [/home/peterglen/.espressif/tools/xtensa-esp32-elf/esp-2020r3-8.4.0/xtensa-esp32-elf/bin/../lib/gcc/xtensa-esp32-elf/8.4.0/crtn.o]
  collapse obj [/home/peterglen/.espressif/tools/xtensa-esp32-elf/esp-2020r3-8.4.0/xtensa-esp32-elf/bin/../lib/gcc/xtensa-esp32-elf/8.4.0/../../../../xtensa-esp32-elf/lib/crt0.o] ==> [/home/peterglen/.espressif/tools/xtensa-esp32-elf/esp-2020r3-8.4.0/xtensa-esp32-elf/xtensa-esp32-elf/lib/crt0.o]
  collapse obj [/home/peterglen/.espressif/tools/xtensa-esp32-elf/esp-2020r3-8.4.0/xtensa-esp32-elf/bin/../lib/gcc/xtensa-esp32-elf/8.4.0/crti.o] ==> [/home/peterglen/.espressif/tools/xtensa-esp32-elf/esp-2020r3-8.4.0/xtensa-esp32-elf/lib/gcc/xtensa-esp32-elf/8.4.0/crti.o]
  collapse obj [/home/peterglen/.espressif/tools/xtensa-esp32-elf/esp-2020r3-8.4.0/xtensa-esp32-elf/bin/../lib/gcc/xtensa-esp32-elf/8.4.0/crtbegin.o] ==> [/home/peterglen/.espressif/tools/xtensa-esp32-elf/esp-2020r3-8.4.0/xtensa-esp32-elf/lib/gcc/xtensa-esp32-elf/8.4.0/crtbegin.o]
  collapse obj [/home/peterglen/.espressif/tools/xtensa-esp32-elf/esp-2020r3-8.4.0/xtensa-esp32-elf/bin/../lib/gcc/xtensa-esp32-elf/8.4.0/crtend.o] ==> [/home/peterglen/.espressif/tools/xtensa-esp32-elf/esp-2020r3-8.4.0/xtensa-esp32-elf/lib/gcc/xtensa-esp32-elf/8.4.0/crtend.o]
  collapse obj [/home/peterglen/.espressif/tools/xtensa-esp32-elf/esp-2020r3-8.4.0/xtensa-esp32-elf/bin/../lib/gcc/xtensa-esp32-elf/8.4.0/crtn.o] ==> [/home/peterglen/.espressif/tools/xtensa-esp32-elf/esp-2020r3-8.4.0/xtensa-esp32-elf/lib/gcc/xtensa-esp32-elf/8.4.0/crtn.o]
  collapse library dir [/home/peterglen/.espressif/tools/xtensa-esp32-elf/esp-2020r3-8.4.0/xtensa-esp32-elf/bin/../lib/gcc/xtensa-esp32-elf/8.4.0] ==> [/home/peterglen/.espressif/tools/xtensa-esp32-elf/esp-2020r3-8.4.0/xtensa-esp32-elf/lib/gcc/xtensa-esp32-elf/8.4.0]
  collapse library dir [/home/peterglen/.espressif/tools/xtensa-esp32-elf/esp-2020r3-8.4.0/xtensa-esp32-elf/bin/../lib/gcc] ==> [/home/peterglen/.espressif/tools/xtensa-esp32-elf/esp-2020r3-8.4.0/xtensa-esp32-elf/lib/gcc]
  collapse library dir [/home/peterglen/.espressif/tools/xtensa-esp32-elf/esp-2020r3-8.4.0/xtensa-esp32-elf/bin/../lib/gcc/xtensa-esp32-elf/8.4.0/../../../../xtensa-esp32-elf/lib] ==> [/home/peterglen/.espressif/tools/xtensa-esp32-elf/esp-2020r3-8.4.0/xtensa-esp32-elf/xtensa-esp32-elf/lib]
  implicit libs: [stdc++;m;gcc;c;nosys;c;gcc]
  implicit objs: [/home/peterglen/.espressif/tools/xtensa-esp32-elf/esp-2020r3-8.4.0/xtensa-esp32-elf/xtensa-esp32-elf/lib/crt0.o;/home/peterglen/.espressif/tools/xtensa-esp32-elf/esp-2020r3-8.4.0/xtensa-esp32-elf/lib/gcc/xtensa-esp32-elf/8.4.0/crti.o;/home/peterglen/.espressif/tools/xtensa-esp32-elf/esp-2020r3-8.4.0/xtensa-esp32-elf/lib/gcc/xtensa-esp32-elf/8.4.0/crtbegin.o;/home/peterglen/.espressif/tools/xtensa-esp32-elf/esp-2020r3-8.4.0/xtensa-esp32-elf/lib/gcc/xtensa-esp32-elf/8.4.0/crtend.o;/home/peterglen/.espressif/tools/xtensa-esp32-elf/esp-2020r3-8.4.0/xtensa-esp32-elf/lib/gcc/xtensa-esp32-elf/8.4.0/crtn.o]
  implicit dirs: [/home/peterglen/.espressif/tools/xtensa-esp32-elf/esp-2020r3-8.4.0/xtensa-esp32-elf/lib/gcc/xtensa-esp32-elf/8.4.0;/home/peterglen/.espressif/tools/xtensa-esp32-elf/esp-2020r3-8.4.0/xtensa-esp32-elf/lib/gcc;/home/peterglen/.espressif/tools/xtensa-esp32-elf/esp-2020r3-8.4.0/xtensa-esp32-elf/xtensa-esp32-elf/lib]
  implicit fwks: []


The target system is: Generic -  - 
The host system is: Linux - 5.8.0-48-generic - x86_64
Compiling the C compiler identification source file "CMakeCCompilerId.c" succeeded.
Compiler: /home/peterglen/.espressif/tools/xtensa-esp32-elf/esp-2020r3-8.4.0/xtensa-esp32-elf/bin/xtensa-esp32-elf-gcc 
Build flags: -mlongcalls;-Wno-frame-address
Id flags:  

The output was:
0


Compilation of the C compiler identification source "CMakeCCompilerId.c" produced "a.out"

The C compiler identification is GNU, found in "/akostar/esp32-s2/esp-s2code/ftm/CMakeFiles/3.20.1/CompilerIdC/a.out"

Compiling the CXX compiler identification source file "CMakeCXXCompilerId.cpp" succeeded.
Compiler: /home/peterglen/.espressif/tools/xtensa-esp32-elf/esp-2020r3-8.4.0/xtensa-esp32-elf/bin/xtensa-esp32-elf-g++ 
Build flags: -mlongcalls;-Wno-frame-address
Id flags:  

The output was:
0


Compilation of the CXX compiler identification source "CMakeCXXCompilerId.cpp" produced "a.out"

The CXX compiler identification is GNU, found in "/akostar/esp32-s2/esp-s2code/ftm/CMakeFiles/3.20.1/CompilerIdCXX/a.out"

Checking whether the ASM compiler is GNU using "--version" matched "(GNU assembler)|(GCC)|(Free Software Foundation)":
xtensa-esp32-elf-gcc (crosstool-NG esp-2020r3) 8.4.0
Copyright (C) 2018 Free Software Foundation, Inc.
This is free software; see the source for copying conditions.  There is NO
warranty; not even for MERCHANTABILITY or FITNESS FOR A PARTICULAR PURPOSE.

Detecting C compiler ABI info compiled with the following output:
Change Dir: /akostar/esp32-s2/esp-s2code/ftm/CMakeFiles/CMakeTmp

Run Build Command(s):/usr/bin/gmake -f Makefile cmTC_1c041/fast && gmake[1]: Entering directory '/akostar/esp32-s2/esp-s2code/ftm/CMakeFiles/CMakeTmp'
/usr/bin/gmake  -f CMakeFiles/cmTC_1c041.dir/build.make CMakeFiles/cmTC_1c041.dir/build
gmake[2]: Entering directory '/akostar/esp32-s2/esp-s2code/ftm/CMakeFiles/CMakeTmp'
Building C object CMakeFiles/cmTC_1c041.dir/CMakeCCompilerABI.c.obj
/home/peterglen/.espressif/tools/xtensa-esp32-elf/esp-2020r3-8.4.0/xtensa-esp32-elf/bin/xtensa-esp32-elf-gcc   -mlongcalls -Wno-frame-address    -v -o CMakeFiles/cmTC_1c041.dir/CMakeCCompilerABI.c.obj -c /usr/share/cmake-3.20/Modules/CMakeCCompilerABI.c
Using built-in specs.
COLLECT_GCC=/home/peterglen/.espressif/tools/xtensa-esp32-elf/esp-2020r3-8.4.0/xtensa-esp32-elf/bin/xtensa-esp32-elf-gcc
Target: xtensa-esp32-elf
Configured with: /builds/idf/crosstool-NG/.build/xtensa-esp32-elf/src/gcc/configure --build=x86_64-build_pc-linux-gnu --host=x86_64-build_pc-linux-gnu --target=xtensa-esp32-elf --prefix=/builds/idf/crosstool-NG/builds/xtensa-esp32-elf --with-local-prefix=/builds/idf/crosstool-NG/builds/xtensa-esp32-elf/xtensa-esp32-elf --with-headers=/builds/idf/crosstool-NG/builds/xtensa-esp32-elf/xtensa-esp32-elf/include --with-newlib --enable-threads=no --disable-shared --with-pkgversion='crosstool-NG esp-2020r3' --disable-__cxa_atexit --enable-cxx-flags=-ffunction-sections --disable-libgomp --disable-libmudflap --disable-libmpx --disable-libssp --disable-libquadmath --disable-libquadmath-support --with-gmp=/builds/idf/crosstool-NG/.build/xtensa-esp32-elf/buildtools --with-mpfr=/builds/idf/crosstool-NG/.build/xtensa-esp32-elf/buildtools --with-mpc=/builds/idf/crosstool-NG/.build/xtensa-esp32-elf/buildtools --with-isl=/builds/idf/crosstool-NG/.build/xtensa-esp32-elf/buildtools --enable-lto --enable-target-optspace --without-long-double-128 --disable-nls --enable-multiarch --enable-languages=c,c++ --disable-libstdcxx-verbose --enable-threads=posix --enable-gcov-custom-rtio --enable-libstdcxx-time=yes
Thread model: posix
gcc version 8.4.0 (crosstool-NG esp-2020r3) 
COLLECT_GCC_OPTIONS='-mlongcalls' '-Wno-frame-address' '-v' '-o' 'CMakeFiles/cmTC_1c041.dir/CMakeCCompilerABI.c.obj' '-c'
 /home/peterglen/.espressif/tools/xtensa-esp32-elf/esp-2020r3-8.4.0/xtensa-esp32-elf/bin/../libexec/gcc/xtensa-esp32-elf/8.4.0/cc1 -quiet -v -iprefix /home/peterglen/.espressif/tools/xtensa-esp32-elf/esp-2020r3-8.4.0/xtensa-esp32-elf/bin/../lib/gcc/xtensa-esp32-elf/8.4.0/ /usr/share/cmake-3.20/Modules/CMakeCCompilerABI.c -quiet -dumpbase CMakeCCompilerABI.c -mlongcalls -auxbase-strip CMakeFiles/cmTC_1c041.dir/CMakeCCompilerABI.c.obj -Wno-frame-address -version -o /tmp/ccMDPemH.s
GNU C17 (crosstool-NG esp-2020r3) version 8.4.0 (xtensa-esp32-elf)
	compiled by GNU C version 4.9.2, GMP version 6.1.2, MPFR version 4.0.1, MPC version 1.1.0, isl version isl-0.19-GMP

GGC heuristics: --param ggc-min-expand=100 --param ggc-min-heapsize=131072
ignoring duplicate directory "/home/peterglen/.espressif/tools/xtensa-esp32-elf/esp-2020r3-8.4.0/xtensa-esp32-elf/bin/../lib/gcc/../../lib/gcc/xtensa-esp32-elf/8.4.0/include"
ignoring duplicate directory "/home/peterglen/.espressif/tools/xtensa-esp32-elf/esp-2020r3-8.4.0/xtensa-esp32-elf/bin/../lib/gcc/../../lib/gcc/xtensa-esp32-elf/8.4.0/include-fixed"
ignoring duplicate directory "/home/peterglen/.espressif/tools/xtensa-esp32-elf/esp-2020r3-8.4.0/xtensa-esp32-elf/bin/../lib/gcc/../../lib/gcc/xtensa-esp32-elf/8.4.0/../../../../xtensa-esp32-elf/sys-include"
ignoring duplicate directory "/home/peterglen/.espressif/tools/xtensa-esp32-elf/esp-2020r3-8.4.0/xtensa-esp32-elf/bin/../lib/gcc/../../lib/gcc/xtensa-esp32-elf/8.4.0/../../../../xtensa-esp32-elf/include"
#include "..." search starts here:
#include <...> search starts here:
 /home/peterglen/.espressif/tools/xtensa-esp32-elf/esp-2020r3-8.4.0/xtensa-esp32-elf/bin/../lib/gcc/xtensa-esp32-elf/8.4.0/include
 /home/peterglen/.espressif/tools/xtensa-esp32-elf/esp-2020r3-8.4.0/xtensa-esp32-elf/bin/../lib/gcc/xtensa-esp32-elf/8.4.0/include-fixed
 /home/peterglen/.espressif/tools/xtensa-esp32-elf/esp-2020r3-8.4.0/xtensa-esp32-elf/bin/../lib/gcc/xtensa-esp32-elf/8.4.0/../../../../xtensa-esp32-elf/sys-include
 /home/peterglen/.espressif/tools/xtensa-esp32-elf/esp-2020r3-8.4.0/xtensa-esp32-elf/bin/../lib/gcc/xtensa-esp32-elf/8.4.0/../../../../xtensa-esp32-elf/include
End of search list.
GNU C17 (crosstool-NG esp-2020r3) version 8.4.0 (xtensa-esp32-elf)
	compiled by GNU C version 4.9.2, GMP version 6.1.2, MPFR version 4.0.1, MPC version 1.1.0, isl version isl-0.19-GMP

GGC heuristics: --param ggc-min-expand=100 --param ggc-min-heapsize=131072
Compiler executable checksum: 30a273f5c2e3bc492245d1974b5e7b3d
COLLECT_GCC_OPTIONS='-mlongcalls' '-Wno-frame-address' '-v' '-o' 'CMakeFiles/cmTC_1c041.dir/CMakeCCompilerABI.c.obj' '-c'
 /home/peterglen/.espressif/tools/xtensa-esp32-elf/esp-2020r3-8.4.0/xtensa-esp32-elf/bin/../lib/gcc/xtensa-esp32-elf/8.4.0/../../../../xtensa-esp32-elf/bin/as --traditional-format --longcalls -o CMakeFiles/cmTC_1c041.dir/CMakeCCompilerABI.c.obj /tmp/ccMDPemH.s
COMPILER_PATH=/home/peterglen/.espressif/tools/xtensa-esp32-elf/esp-2020r3-8.4.0/xtensa-esp32-elf/bin/../libexec/gcc/xtensa-esp32-elf/8.4.0/:/home/peterglen/.espressif/tools/xtensa-esp32-elf/esp-2020r3-8.4.0/xtensa-esp32-elf/bin/../libexec/gcc/:/home/peterglen/.espressif/tools/xtensa-esp32-elf/esp-2020r3-8.4.0/xtensa-esp32-elf/bin/../lib/gcc/xtensa-esp32-elf/8.4.0/../../../../xtensa-esp32-elf/bin/
LIBRARY_PATH=/home/peterglen/.espressif/tools/xtensa-esp32-elf/esp-2020r3-8.4.0/xtensa-esp32-elf/bin/../lib/gcc/xtensa-esp32-elf/8.4.0/:/home/peterglen/.espressif/tools/xtensa-esp32-elf/esp-2020r3-8.4.0/xtensa-esp32-elf/bin/../lib/gcc/:/home/peterglen/.espressif/tools/xtensa-esp32-elf/esp-2020r3-8.4.0/xtensa-esp32-elf/bin/../lib/gcc/xtensa-esp32-elf/8.4.0/../../../../xtensa-esp32-elf/lib/
COLLECT_GCC_OPTIONS='-mlongcalls' '-Wno-frame-address' '-v' '-o' 'CMakeFiles/cmTC_1c041.dir/CMakeCCompilerABI.c.obj' '-c'
Linking C executable cmTC_1c041
/usr/bin/cmake -E cmake_link_script CMakeFiles/cmTC_1c041.dir/link.txt --verbose=1
/home/peterglen/.espressif/tools/xtensa-esp32-elf/esp-2020r3-8.4.0/xtensa-esp32-elf/bin/xtensa-esp32-elf-gcc -mlongcalls -Wno-frame-address   -v CMakeFiles/cmTC_1c041.dir/CMakeCCompilerABI.c.obj -o cmTC_1c041 
Using built-in specs.
COLLECT_GCC=/home/peterglen/.espressif/tools/xtensa-esp32-elf/esp-2020r3-8.4.0/xtensa-esp32-elf/bin/xtensa-esp32-elf-gcc
COLLECT_LTO_WRAPPER=/home/peterglen/.espressif/tools/xtensa-esp32-elf/esp-2020r3-8.4.0/xtensa-esp32-elf/bin/../libexec/gcc/xtensa-esp32-elf/8.4.0/lto-wrapper
Target: xtensa-esp32-elf
Configured with: /builds/idf/crosstool-NG/.build/xtensa-esp32-elf/src/gcc/configure --build=x86_64-build_pc-linux-gnu --host=x86_64-build_pc-linux-gnu --target=xtensa-esp32-elf --prefix=/builds/idf/crosstool-NG/builds/xtensa-esp32-elf --with-local-prefix=/builds/idf/crosstool-NG/builds/xtensa-esp32-elf/xtensa-esp32-elf --with-headers=/builds/idf/crosstool-NG/builds/xtensa-esp32-elf/xtensa-esp32-elf/include --with-newlib --enable-threads=no --disable-shared --with-pkgversion='crosstool-NG esp-2020r3' --disable-__cxa_atexit --enable-cxx-flags=-ffunction-sections --disable-libgomp --disable-libmudflap --disable-libmpx --disable-libssp --disable-libquadmath --disable-libquadmath-support --with-gmp=/builds/idf/crosstool-NG/.build/xtensa-esp32-elf/buildtools --with-mpfr=/builds/idf/crosstool-NG/.build/xtensa-esp32-elf/buildtools --with-mpc=/builds/idf/crosstool-NG/.build/xtensa-esp32-elf/buildtools --with-isl=/builds/idf/crosstool-NG/.build/xtensa-esp32-elf/buildtools --enable-lto --enable-target-optspace --without-long-double-128 --disable-nls --enable-multiarch --enable-languages=c,c++ --disable-libstdcxx-verbose --enable-threads=posix --enable-gcov-custom-rtio --enable-libstdcxx-time=yes
Thread model: posix
gcc version 8.4.0 (crosstool-NG esp-2020r3) 
COMPILER_PATH=/home/peterglen/.espressif/tools/xtensa-esp32-elf/esp-2020r3-8.4.0/xtensa-esp32-elf/bin/../libexec/gcc/xtensa-esp32-elf/8.4.0/:/home/peterglen/.espressif/tools/xtensa-esp32-elf/esp-2020r3-8.4.0/xtensa-esp32-elf/bin/../libexec/gcc/:/home/peterglen/.espressif/tools/xtensa-esp32-elf/esp-2020r3-8.4.0/xtensa-esp32-elf/bin/../lib/gcc/xtensa-esp32-elf/8.4.0/../../../../xtensa-esp32-elf/bin/
LIBRARY_PATH=/home/peterglen/.espressif/tools/xtensa-esp32-elf/esp-2020r3-8.4.0/xtensa-esp32-elf/bin/../lib/gcc/xtensa-esp32-elf/8.4.0/:/home/peterglen/.espressif/tools/xtensa-esp32-elf/esp-2020r3-8.4.0/xtensa-esp32-elf/bin/../lib/gcc/:/home/peterglen/.espressif/tools/xtensa-esp32-elf/esp-2020r3-8.4.0/xtensa-esp32-elf/bin/../lib/gcc/xtensa-esp32-elf/8.4.0/../../../../xtensa-esp32-elf/lib/
COLLECT_GCC_OPTIONS='-mlongcalls' '-Wno-frame-address' '-v' '-o' 'cmTC_1c041'
 /home/peterglen/.espressif/tools/xtensa-esp32-elf/esp-2020r3-8.4.0/xtensa-esp32-elf/bin/../libexec/gcc/xtensa-esp32-elf/8.4.0/collect2 -plugin /home/peterglen/.espressif/tools/xtensa-esp32-elf/esp-2020r3-8.4.0/xtensa-esp32-elf/bin/../libexec/gcc/xtensa-esp32-elf/8.4.0/liblto_plugin.so -plugin-opt=/home/peterglen/.espressif/tools/xtensa-esp32-elf/esp-2020r3-8.4.0/xtensa-esp32-elf/bin/../libexec/gcc/xtensa-esp32-elf/8.4.0/lto-wrapper -plugin-opt=-fresolution=/tmp/ccuSYoba.res -plugin-opt=-pass-through=-lgcc -plugin-opt=-pass-through=-lc -plugin-opt=-pass-through=-lnosys -plugin-opt=-pass-through=-lc -plugin-opt=-pass-through=-lgcc -o cmTC_1c041 /home/peterglen/.espressif/tools/xtensa-esp32-elf/esp-2020r3-8.4.0/xtensa-esp32-elf/bin/../lib/gcc/xtensa-esp32-elf/8.4.0/../../../../xtensa-esp32-elf/lib/crt0.o /home/peterglen/.espressif/tools/xtensa-esp32-elf/esp-2020r3-8.4.0/xtensa-esp32-elf/bin/../lib/gcc/xtensa-esp32-elf/8.4.0/crti.o /home/peterglen/.espressif/tools/xtensa-esp32-elf/esp-2020r3-8.4.0/xtensa-esp32-elf/bin/../lib/gcc/xtensa-esp32-elf/8.4.0/crtbegin.o -L/home/peterglen/.espressif/tools/xtensa-esp32-elf/esp-2020r3-8.4.0/xtensa-esp32-elf/bin/../lib/gcc/xtensa-esp32-elf/8.4.0 -L/home/peterglen/.espressif/tools/xtensa-esp32-elf/esp-2020r3-8.4.0/xtensa-esp32-elf/bin/../lib/gcc -L/home/peterglen/.espressif/tools/xtensa-esp32-elf/esp-2020r3-8.4.0/xtensa-esp32-elf/bin/../lib/gcc/xtensa-esp32-elf/8.4.0/../../../../xtensa-esp32-elf/lib CMakeFiles/cmTC_1c041.dir/CMakeCCompilerABI.c.obj -lgcc -lc -lnosys -lc -lgcc /home/peterglen/.espressif/tools/xtensa-esp32-elf/esp-2020r3-8.4.0/xtensa-esp32-elf/bin/../lib/gcc/xtensa-esp32-elf/8.4.0/crtend.o /home/peterglen/.espressif/tools/xtensa-esp32-elf/esp-2020r3-8.4.0/xtensa-esp32-elf/bin/../lib/gcc/xtensa-esp32-elf/8.4.0/crtn.o
COLLECT_GCC_OPTIONS='-mlongcalls' '-Wno-frame-address' '-v' '-o' 'cmTC_1c041'
gmake[2]: Leaving directory '/akostar/esp32-s2/esp-s2code/ftm/CMakeFiles/CMakeTmp'
gmake[1]: Leaving directory '/akostar/esp32-s2/esp-s2code/ftm/CMakeFiles/CMakeTmp'



Parsed C implicit include dir info from above output: rv=done
  found start of include info
  found start of implicit include info
    add: [/home/peterglen/.espressif/tools/xtensa-esp32-elf/esp-2020r3-8.4.0/xtensa-esp32-elf/bin/../lib/gcc/xtensa-esp32-elf/8.4.0/include]
    add: [/home/peterglen/.espressif/tools/xtensa-esp32-elf/esp-2020r3-8.4.0/xtensa-esp32-elf/bin/../lib/gcc/xtensa-esp32-elf/8.4.0/include-fixed]
    add: [/home/peterglen/.espressif/tools/xtensa-esp32-elf/esp-2020r3-8.4.0/xtensa-esp32-elf/bin/../lib/gcc/xtensa-esp32-elf/8.4.0/../../../../xtensa-esp32-elf/sys-include]
    add: [/home/peterglen/.espressif/tools/xtensa-esp32-elf/esp-2020r3-8.4.0/xtensa-esp32-elf/bin/../lib/gcc/xtensa-esp32-elf/8.4.0/../../../../xtensa-esp32-elf/include]
  end of search list found
  collapse include dir [/home/peterglen/.espressif/tools/xtensa-esp32-elf/esp-2020r3-8.4.0/xtensa-esp32-elf/bin/../lib/gcc/xtensa-esp32-elf/8.4.0/include] ==> [/home/peterglen/.espressif/tools/xtensa-esp32-elf/esp-2020r3-8.4.0/xtensa-esp32-elf/lib/gcc/xtensa-esp32-elf/8.4.0/include]
  collapse include dir [/home/peterglen/.espressif/tools/xtensa-esp32-elf/esp-2020r3-8.4.0/xtensa-esp32-elf/bin/../lib/gcc/xtensa-esp32-elf/8.4.0/include-fixed] ==> [/home/peterglen/.espressif/tools/xtensa-esp32-elf/esp-2020r3-8.4.0/xtensa-esp32-elf/lib/gcc/xtensa-esp32-elf/8.4.0/include-fixed]
  collapse include dir [/home/peterglen/.espressif/tools/xtensa-esp32-elf/esp-2020r3-8.4.0/xtensa-esp32-elf/bin/../lib/gcc/xtensa-esp32-elf/8.4.0/../../../../xtensa-esp32-elf/sys-include] ==> [/home/peterglen/.espressif/tools/xtensa-esp32-elf/esp-2020r3-8.4.0/xtensa-esp32-elf/xtensa-esp32-elf/sys-include]
  collapse include dir [/home/peterglen/.espressif/tools/xtensa-esp32-elf/esp-2020r3-8.4.0/xtensa-esp32-elf/bin/../lib/gcc/xtensa-esp32-elf/8.4.0/../../../../xtensa-esp32-elf/include] ==> [/home/peterglen/.espressif/tools/xtensa-esp32-elf/esp-2020r3-8.4.0/xtensa-esp32-elf/xtensa-esp32-elf/include]
  implicit include dirs: [/home/peterglen/.espressif/tools/xtensa-esp32-elf/esp-2020r3-8.4.0/xtensa-esp32-elf/lib/gcc/xtensa-esp32-elf/8.4.0/include;/home/peterglen/.espressif/tools/xtensa-esp32-elf/esp-2020r3-8.4.0/xtensa-esp32-elf/lib/gcc/xtensa-esp32-elf/8.4.0/include-fixed;/home/peterglen/.espressif/tools/xtensa-esp32-elf/esp-2020r3-8.4.0/xtensa-esp32-elf/xtensa-esp32-elf/sys-include;/home/peterglen/.espressif/tools/xtensa-esp32-elf/esp-2020r3-8.4.0/xtensa-esp32-elf/xtensa-esp32-elf/include]


Parsed C implicit link information from above output:
  link line regex: [^( *|.*[/\])(xtensa-esp32-elf-ld|CMAKE_LINK_STARTFILE-NOTFOUND|([^/\]+-)?ld|collect2)[^/\]*( |$)]
  ignore line: [Change Dir: /akostar/esp32-s2/esp-s2code/ftm/CMakeFiles/CMakeTmp]
  ignore line: []
  ignore line: [Run Build Command(s):/usr/bin/gmake -f Makefile cmTC_1c041/fast && gmake[1]: Entering directory '/akostar/esp32-s2/esp-s2code/ftm/CMakeFiles/CMakeTmp']
  ignore line: [/usr/bin/gmake  -f CMakeFiles/cmTC_1c041.dir/build.make CMakeFiles/cmTC_1c041.dir/build]
  ignore line: [gmake[2]: Entering directory '/akostar/esp32-s2/esp-s2code/ftm/CMakeFiles/CMakeTmp']
  ignore line: [Building C object CMakeFiles/cmTC_1c041.dir/CMakeCCompilerABI.c.obj]
  ignore line: [/home/peterglen/.espressif/tools/xtensa-esp32-elf/esp-2020r3-8.4.0/xtensa-esp32-elf/bin/xtensa-esp32-elf-gcc   -mlongcalls -Wno-frame-address    -v -o CMakeFiles/cmTC_1c041.dir/CMakeCCompilerABI.c.obj -c /usr/share/cmake-3.20/Modules/CMakeCCompilerABI.c]
  ignore line: [Using built-in specs.]
  ignore line: [COLLECT_GCC=/home/peterglen/.espressif/tools/xtensa-esp32-elf/esp-2020r3-8.4.0/xtensa-esp32-elf/bin/xtensa-esp32-elf-gcc]
  ignore line: [Target: xtensa-esp32-elf]
  ignore line: [Configured with: /builds/idf/crosstool-NG/.build/xtensa-esp32-elf/src/gcc/configure --build=x86_64-build_pc-linux-gnu --host=x86_64-build_pc-linux-gnu --target=xtensa-esp32-elf --prefix=/builds/idf/crosstool-NG/builds/xtensa-esp32-elf --with-local-prefix=/builds/idf/crosstool-NG/builds/xtensa-esp32-elf/xtensa-esp32-elf --with-headers=/builds/idf/crosstool-NG/builds/xtensa-esp32-elf/xtensa-esp32-elf/include --with-newlib --enable-threads=no --disable-shared --with-pkgversion='crosstool-NG esp-2020r3' --disable-__cxa_atexit --enable-cxx-flags=-ffunction-sections --disable-libgomp --disable-libmudflap --disable-libmpx --disable-libssp --disable-libquadmath --disable-libquadmath-support --with-gmp=/builds/idf/crosstool-NG/.build/xtensa-esp32-elf/buildtools --with-mpfr=/builds/idf/crosstool-NG/.build/xtensa-esp32-elf/buildtools --with-mpc=/builds/idf/crosstool-NG/.build/xtensa-esp32-elf/buildtools --with-isl=/builds/idf/crosstool-NG/.build/xtensa-esp32-elf/buildtools --enable-lto --enable-target-optspace --without-long-double-128 --disable-nls --enable-multiarch --enable-languages=c c++ --disable-libstdcxx-verbose --enable-threads=posix --enable-gcov-custom-rtio --enable-libstdcxx-time=yes]
  ignore line: [Thread model: posix]
  ignore line: [gcc version 8.4.0 (crosstool-NG esp-2020r3) ]
  ignore line: [COLLECT_GCC_OPTIONS='-mlongcalls' '-Wno-frame-address' '-v' '-o' 'CMakeFiles/cmTC_1c041.dir/CMakeCCompilerABI.c.obj' '-c']
  ignore line: [ /home/peterglen/.espressif/tools/xtensa-esp32-elf/esp-2020r3-8.4.0/xtensa-esp32-elf/bin/../libexec/gcc/xtensa-esp32-elf/8.4.0/cc1 -quiet -v -iprefix /home/peterglen/.espressif/tools/xtensa-esp32-elf/esp-2020r3-8.4.0/xtensa-esp32-elf/bin/../lib/gcc/xtensa-esp32-elf/8.4.0/ /usr/share/cmake-3.20/Modules/CMakeCCompilerABI.c -quiet -dumpbase CMakeCCompilerABI.c -mlongcalls -auxbase-strip CMakeFiles/cmTC_1c041.dir/CMakeCCompilerABI.c.obj -Wno-frame-address -version -o /tmp/ccMDPemH.s]
  ignore line: [GNU C17 (crosstool-NG esp-2020r3) version 8.4.0 (xtensa-esp32-elf)]
  ignore line: [	compiled by GNU C version 4.9.2  GMP version 6.1.2  MPFR version 4.0.1  MPC version 1.1.0  isl version isl-0.19-GMP]
  ignore line: []
  ignore line: [GGC heuristics: --param ggc-min-expand=100 --param ggc-min-heapsize=131072]
  ignore line: [ignoring duplicate directory "/home/peterglen/.espressif/tools/xtensa-esp32-elf/esp-2020r3-8.4.0/xtensa-esp32-elf/bin/../lib/gcc/../../lib/gcc/xtensa-esp32-elf/8.4.0/include"]
  ignore line: [ignoring duplicate directory "/home/peterglen/.espressif/tools/xtensa-esp32-elf/esp-2020r3-8.4.0/xtensa-esp32-elf/bin/../lib/gcc/../../lib/gcc/xtensa-esp32-elf/8.4.0/include-fixed"]
  ignore line: [ignoring duplicate directory "/home/peterglen/.espressif/tools/xtensa-esp32-elf/esp-2020r3-8.4.0/xtensa-esp32-elf/bin/../lib/gcc/../../lib/gcc/xtensa-esp32-elf/8.4.0/../../../../xtensa-esp32-elf/sys-include"]
  ignore line: [ignoring duplicate directory "/home/peterglen/.espressif/tools/xtensa-esp32-elf/esp-2020r3-8.4.0/xtensa-esp32-elf/bin/../lib/gcc/../../lib/gcc/xtensa-esp32-elf/8.4.0/../../../../xtensa-esp32-elf/include"]
  ignore line: [#include "..." search starts here:]
  ignore line: [#include <...> search starts here:]
  ignore line: [ /home/peterglen/.espressif/tools/xtensa-esp32-elf/esp-2020r3-8.4.0/xtensa-esp32-elf/bin/../lib/gcc/xtensa-esp32-elf/8.4.0/include]
  ignore line: [ /home/peterglen/.espressif/tools/xtensa-esp32-elf/esp-2020r3-8.4.0/xtensa-esp32-elf/bin/../lib/gcc/xtensa-esp32-elf/8.4.0/include-fixed]
  ignore line: [ /home/peterglen/.espressif/tools/xtensa-esp32-elf/esp-2020r3-8.4.0/xtensa-esp32-elf/bin/../lib/gcc/xtensa-esp32-elf/8.4.0/../../../../xtensa-esp32-elf/sys-include]
  ignore line: [ /home/peterglen/.espressif/tools/xtensa-esp32-elf/esp-2020r3-8.4.0/xtensa-esp32-elf/bin/../lib/gcc/xtensa-esp32-elf/8.4.0/../../../../xtensa-esp32-elf/include]
  ignore line: [End of search list.]
  ignore line: [GNU C17 (crosstool-NG esp-2020r3) version 8.4.0 (xtensa-esp32-elf)]
  ignore line: [	compiled by GNU C version 4.9.2  GMP version 6.1.2  MPFR version 4.0.1  MPC version 1.1.0  isl version isl-0.19-GMP]
  ignore line: []
  ignore line: [GGC heuristics: --param ggc-min-expand=100 --param ggc-min-heapsize=131072]
  ignore line: [Compiler executable checksum: 30a273f5c2e3bc492245d1974b5e7b3d]
  ignore line: [COLLECT_GCC_OPTIONS='-mlongcalls' '-Wno-frame-address' '-v' '-o' 'CMakeFiles/cmTC_1c041.dir/CMakeCCompilerABI.c.obj' '-c']
  ignore line: [ /home/peterglen/.espressif/tools/xtensa-esp32-elf/esp-2020r3-8.4.0/xtensa-esp32-elf/bin/../lib/gcc/xtensa-esp32-elf/8.4.0/../../../../xtensa-esp32-elf/bin/as --traditional-format --longcalls -o CMakeFiles/cmTC_1c041.dir/CMakeCCompilerABI.c.obj /tmp/ccMDPemH.s]
  ignore line: [COMPILER_PATH=/home/peterglen/.espressif/tools/xtensa-esp32-elf/esp-2020r3-8.4.0/xtensa-esp32-elf/bin/../libexec/gcc/xtensa-esp32-elf/8.4.0/:/home/peterglen/.espressif/tools/xtensa-esp32-elf/esp-2020r3-8.4.0/xtensa-esp32-elf/bin/../libexec/gcc/:/home/peterglen/.espressif/tools/xtensa-esp32-elf/esp-2020r3-8.4.0/xtensa-esp32-elf/bin/../lib/gcc/xtensa-esp32-elf/8.4.0/../../../../xtensa-esp32-elf/bin/]
  ignore line: [LIBRARY_PATH=/home/peterglen/.espressif/tools/xtensa-esp32-elf/esp-2020r3-8.4.0/xtensa-esp32-elf/bin/../lib/gcc/xtensa-esp32-elf/8.4.0/:/home/peterglen/.espressif/tools/xtensa-esp32-elf/esp-2020r3-8.4.0/xtensa-esp32-elf/bin/../lib/gcc/:/home/peterglen/.espressif/tools/xtensa-esp32-elf/esp-2020r3-8.4.0/xtensa-esp32-elf/bin/../lib/gcc/xtensa-esp32-elf/8.4.0/../../../../xtensa-esp32-elf/lib/]
  ignore line: [COLLECT_GCC_OPTIONS='-mlongcalls' '-Wno-frame-address' '-v' '-o' 'CMakeFiles/cmTC_1c041.dir/CMakeCCompilerABI.c.obj' '-c']
  ignore line: [Linking C executable cmTC_1c041]
  ignore line: [/usr/bin/cmake -E cmake_link_script CMakeFiles/cmTC_1c041.dir/link.txt --verbose=1]
  ignore line: [/home/peterglen/.espressif/tools/xtensa-esp32-elf/esp-2020r3-8.4.0/xtensa-esp32-elf/bin/xtensa-esp32-elf-gcc -mlongcalls -Wno-frame-address   -v CMakeFiles/cmTC_1c041.dir/CMakeCCompilerABI.c.obj -o cmTC_1c041 ]
  ignore line: [Using built-in specs.]
  ignore line: [COLLECT_GCC=/home/peterglen/.espressif/tools/xtensa-esp32-elf/esp-2020r3-8.4.0/xtensa-esp32-elf/bin/xtensa-esp32-elf-gcc]
  ignore line: [COLLECT_LTO_WRAPPER=/home/peterglen/.espressif/tools/xtensa-esp32-elf/esp-2020r3-8.4.0/xtensa-esp32-elf/bin/../libexec/gcc/xtensa-esp32-elf/8.4.0/lto-wrapper]
  ignore line: [Target: xtensa-esp32-elf]
  ignore line: [Configured with: /builds/idf/crosstool-NG/.build/xtensa-esp32-elf/src/gcc/configure --build=x86_64-build_pc-linux-gnu --host=x86_64-build_pc-linux-gnu --target=xtensa-esp32-elf --prefix=/builds/idf/crosstool-NG/builds/xtensa-esp32-elf --with-local-prefix=/builds/idf/crosstool-NG/builds/xtensa-esp32-elf/xtensa-esp32-elf --with-headers=/builds/idf/crosstool-NG/builds/xtensa-esp32-elf/xtensa-esp32-elf/include --with-newlib --enable-threads=no --disable-shared --with-pkgversion='crosstool-NG esp-2020r3' --disable-__cxa_atexit --enable-cxx-flags=-ffunction-sections --disable-libgomp --disable-libmudflap --disable-libmpx --disable-libssp --disable-libquadmath --disable-libquadmath-support --with-gmp=/builds/idf/crosstool-NG/.build/xtensa-esp32-elf/buildtools --with-mpfr=/builds/idf/crosstool-NG/.build/xtensa-esp32-elf/buildtools --with-mpc=/builds/idf/crosstool-NG/.build/xtensa-esp32-elf/buildtools --with-isl=/builds/idf/crosstool-NG/.build/xtensa-esp32-elf/buildtools --enable-lto --enable-target-optspace --without-long-double-128 --disable-nls --enable-multiarch --enable-languages=c c++ --disable-libstdcxx-verbose --enable-threads=posix --enable-gcov-custom-rtio --enable-libstdcxx-time=yes]
  ignore line: [Thread model: posix]
  ignore line: [gcc version 8.4.0 (crosstool-NG esp-2020r3) ]
  ignore line: [COMPILER_PATH=/home/peterglen/.espressif/tools/xtensa-esp32-elf/esp-2020r3-8.4.0/xtensa-esp32-elf/bin/../libexec/gcc/xtensa-esp32-elf/8.4.0/:/home/peterglen/.espressif/tools/xtensa-esp32-elf/esp-2020r3-8.4.0/xtensa-esp32-elf/bin/../libexec/gcc/:/home/peterglen/.espressif/tools/xtensa-esp32-elf/esp-2020r3-8.4.0/xtensa-esp32-elf/bin/../lib/gcc/xtensa-esp32-elf/8.4.0/../../../../xtensa-esp32-elf/bin/]
  ignore line: [LIBRARY_PATH=/home/peterglen/.espressif/tools/xtensa-esp32-elf/esp-2020r3-8.4.0/xtensa-esp32-elf/bin/../lib/gcc/xtensa-esp32-elf/8.4.0/:/home/peterglen/.espressif/tools/xtensa-esp32-elf/esp-2020r3-8.4.0/xtensa-esp32-elf/bin/../lib/gcc/:/home/peterglen/.espressif/tools/xtensa-esp32-elf/esp-2020r3-8.4.0/xtensa-esp32-elf/bin/../lib/gcc/xtensa-esp32-elf/8.4.0/../../../../xtensa-esp32-elf/lib/]
  ignore line: [COLLECT_GCC_OPTIONS='-mlongcalls' '-Wno-frame-address' '-v' '-o' 'cmTC_1c041']
  link line: [ /home/peterglen/.espressif/tools/xtensa-esp32-elf/esp-2020r3-8.4.0/xtensa-esp32-elf/bin/../libexec/gcc/xtensa-esp32-elf/8.4.0/collect2 -plugin /home/peterglen/.espressif/tools/xtensa-esp32-elf/esp-2020r3-8.4.0/xtensa-esp32-elf/bin/../libexec/gcc/xtensa-esp32-elf/8.4.0/liblto_plugin.so -plugin-opt=/home/peterglen/.espressif/tools/xtensa-esp32-elf/esp-2020r3-8.4.0/xtensa-esp32-elf/bin/../libexec/gcc/xtensa-esp32-elf/8.4.0/lto-wrapper -plugin-opt=-fresolution=/tmp/ccuSYoba.res -plugin-opt=-pass-through=-lgcc -plugin-opt=-pass-through=-lc -plugin-opt=-pass-through=-lnosys -plugin-opt=-pass-through=-lc -plugin-opt=-pass-through=-lgcc -o cmTC_1c041 /home/peterglen/.espressif/tools/xtensa-esp32-elf/esp-2020r3-8.4.0/xtensa-esp32-elf/bin/../lib/gcc/xtensa-esp32-elf/8.4.0/../../../../xtensa-esp32-elf/lib/crt0.o /home/peterglen/.espressif/tools/xtensa-esp32-elf/esp-2020r3-8.4.0/xtensa-esp32-elf/bin/../lib/gcc/xtensa-esp32-elf/8.4.0/crti.o /home/peterglen/.espressif/tools/xtensa-esp32-elf/esp-2020r3-8.4.0/xtensa-esp32-elf/bin/../lib/gcc/xtensa-esp32-elf/8.4.0/crtbegin.o -L/home/peterglen/.espressif/tools/xtensa-esp32-elf/esp-2020r3-8.4.0/xtensa-esp32-elf/bin/../lib/gcc/xtensa-esp32-elf/8.4.0 -L/home/peterglen/.espressif/tools/xtensa-esp32-elf/esp-2020r3-8.4.0/xtensa-esp32-elf/bin/../lib/gcc -L/home/peterglen/.espressif/tools/xtensa-esp32-elf/esp-2020r3-8.4.0/xtensa-esp32-elf/bin/../lib/gcc/xtensa-esp32-elf/8.4.0/../../../../xtensa-esp32-elf/lib CMakeFiles/cmTC_1c041.dir/CMakeCCompilerABI.c.obj -lgcc -lc -lnosys -lc -lgcc /home/peterglen/.espressif/tools/xtensa-esp32-elf/esp-2020r3-8.4.0/xtensa-esp32-elf/bin/../lib/gcc/xtensa-esp32-elf/8.4.0/crtend.o /home/peterglen/.espressif/tools/xtensa-esp32-elf/esp-2020r3-8.4.0/xtensa-esp32-elf/bin/../lib/gcc/xtensa-esp32-elf/8.4.0/crtn.o]
    arg [/home/peterglen/.espressif/tools/xtensa-esp32-elf/esp-2020r3-8.4.0/xtensa-esp32-elf/bin/../libexec/gcc/xtensa-esp32-elf/8.4.0/collect2] ==> ignore
    arg [-plugin] ==> ignore
    arg [/home/peterglen/.espressif/tools/xtensa-esp32-elf/esp-2020r3-8.4.0/xtensa-esp32-elf/bin/../libexec/gcc/xtensa-esp32-elf/8.4.0/liblto_plugin.so] ==> ignore
    arg [-plugin-opt=/home/peterglen/.espressif/tools/xtensa-esp32-elf/esp-2020r3-8.4.0/xtensa-esp32-elf/bin/../libexec/gcc/xtensa-esp32-elf/8.4.0/lto-wrapper] ==> ignore
    arg [-plugin-opt=-fresolution=/tmp/ccuSYoba.res] ==> ignore
    arg [-plugin-opt=-pass-through=-lgcc] ==> ignore
    arg [-plugin-opt=-pass-through=-lc] ==> ignore
    arg [-plugin-opt=-pass-through=-lnosys] ==> ignore
    arg [-plugin-opt=-pass-through=-lc] ==> ignore
    arg [-plugin-opt=-pass-through=-lgcc] ==> ignore
    arg [-o] ==> ignore
    arg [cmTC_1c041] ==> ignore
    arg [/home/peterglen/.espressif/tools/xtensa-esp32-elf/esp-2020r3-8.4.0/xtensa-esp32-elf/bin/../lib/gcc/xtensa-esp32-elf/8.4.0/../../../../xtensa-esp32-elf/lib/crt0.o] ==> obj [/home/peterglen/.espressif/tools/xtensa-esp32-elf/esp-2020r3-8.4.0/xtensa-esp32-elf/bin/../lib/gcc/xtensa-esp32-elf/8.4.0/../../../../xtensa-esp32-elf/lib/crt0.o]
    arg [/home/peterglen/.espressif/tools/xtensa-esp32-elf/esp-2020r3-8.4.0/xtensa-esp32-elf/bin/../lib/gcc/xtensa-esp32-elf/8.4.0/crti.o] ==> obj [/home/peterglen/.espressif/tools/xtensa-esp32-elf/esp-2020r3-8.4.0/xtensa-esp32-elf/bin/../lib/gcc/xtensa-esp32-elf/8.4.0/crti.o]
    arg [/home/peterglen/.espressif/tools/xtensa-esp32-elf/esp-2020r3-8.4.0/xtensa-esp32-elf/bin/../lib/gcc/xtensa-esp32-elf/8.4.0/crtbegin.o] ==> obj [/home/peterglen/.espressif/tools/xtensa-esp32-elf/esp-2020r3-8.4.0/xtensa-esp32-elf/bin/../lib/gcc/xtensa-esp32-elf/8.4.0/crtbegin.o]
    arg [-L/home/peterglen/.espressif/tools/xtensa-esp32-elf/esp-2020r3-8.4.0/xtensa-esp32-elf/bin/../lib/gcc/xtensa-esp32-elf/8.4.0] ==> dir [/home/peterglen/.espressif/tools/xtensa-esp32-elf/esp-2020r3-8.4.0/xtensa-esp32-elf/bin/../lib/gcc/xtensa-esp32-elf/8.4.0]
    arg [-L/home/peterglen/.espressif/tools/xtensa-esp32-elf/esp-2020r3-8.4.0/xtensa-esp32-elf/bin/../lib/gcc] ==> dir [/home/peterglen/.espressif/tools/xtensa-esp32-elf/esp-2020r3-8.4.0/xtensa-esp32-elf/bin/../lib/gcc]
    arg [-L/home/peterglen/.espressif/tools/xtensa-esp32-elf/esp-2020r3-8.4.0/xtensa-esp32-elf/bin/../lib/gcc/xtensa-esp32-elf/8.4.0/../../../../xtensa-esp32-elf/lib] ==> dir [/home/peterglen/.espressif/tools/xtensa-esp32-elf/esp-2020r3-8.4.0/xtensa-esp32-elf/bin/../lib/gcc/xtensa-esp32-elf/8.4.0/../../../../xtensa-esp32-elf/lib]
    arg [CMakeFiles/cmTC_1c041.dir/CMakeCCompilerABI.c.obj] ==> ignore
    arg [-lgcc] ==> lib [gcc]
    arg [-lc] ==> lib [c]
    arg [-lnosys] ==> lib [nosys]
    arg [-lc] ==> lib [c]
    arg [-lgcc] ==> lib [gcc]
    arg [/home/peterglen/.espressif/tools/xtensa-esp32-elf/esp-2020r3-8.4.0/xtensa-esp32-elf/bin/../lib/gcc/xtensa-esp32-elf/8.4.0/crtend.o] ==> obj [/home/peterglen/.espressif/tools/xtensa-esp32-elf/esp-2020r3-8.4.0/xtensa-esp32-elf/bin/../lib/gcc/xtensa-esp32-elf/8.4.0/crtend.o]
    arg [/home/peterglen/.espressif/tools/xtensa-esp32-elf/esp-2020r3-8.4.0/xtensa-esp32-elf/bin/../lib/gcc/xtensa-esp32-elf/8.4.0/crtn.o] ==> obj [/home/peterglen/.espressif/tools/xtensa-esp32-elf/esp-2020r3-8.4.0/xtensa-esp32-elf/bin/../lib/gcc/xtensa-esp32-elf/8.4.0/crtn.o]
  collapse obj [/home/peterglen/.espressif/tools/xtensa-esp32-elf/esp-2020r3-8.4.0/xtensa-esp32-elf/bin/../lib/gcc/xtensa-esp32-elf/8.4.0/../../../../xtensa-esp32-elf/lib/crt0.o] ==> [/home/peterglen/.espressif/tools/xtensa-esp32-elf/esp-2020r3-8.4.0/xtensa-esp32-elf/xtensa-esp32-elf/lib/crt0.o]
  collapse obj [/home/peterglen/.espressif/tools/xtensa-esp32-elf/esp-2020r3-8.4.0/xtensa-esp32-elf/bin/../lib/gcc/xtensa-esp32-elf/8.4.0/crti.o] ==> [/home/peterglen/.espressif/tools/xtensa-esp32-elf/esp-2020r3-8.4.0/xtensa-esp32-elf/lib/gcc/xtensa-esp32-elf/8.4.0/crti.o]
  collapse obj [/home/peterglen/.espressif/tools/xtensa-esp32-elf/esp-2020r3-8.4.0/xtensa-esp32-elf/bin/../lib/gcc/xtensa-esp32-elf/8.4.0/crtbegin.o] ==> [/home/peterglen/.espressif/tools/xtensa-esp32-elf/esp-2020r3-8.4.0/xtensa-esp32-elf/lib/gcc/xtensa-esp32-elf/8.4.0/crtbegin.o]
  collapse obj [/home/peterglen/.espressif/tools/xtensa-esp32-elf/esp-2020r3-8.4.0/xtensa-esp32-elf/bin/../lib/gcc/xtensa-esp32-elf/8.4.0/crtend.o] ==> [/home/peterglen/.espressif/tools/xtensa-esp32-elf/esp-2020r3-8.4.0/xtensa-esp32-elf/lib/gcc/xtensa-esp32-elf/8.4.0/crtend.o]
  collapse obj [/home/peterglen/.espressif/tools/xtensa-esp32-elf/esp-2020r3-8.4.0/xtensa-esp32-elf/bin/../lib/gcc/xtensa-esp32-elf/8.4.0/crtn.o] ==> [/home/peterglen/.espressif/tools/xtensa-esp32-elf/esp-2020r3-8.4.0/xtensa-esp32-elf/lib/gcc/xtensa-esp32-elf/8.4.0/crtn.o]
  collapse library dir [/home/peterglen/.espressif/tools/xtensa-esp32-elf/esp-2020r3-8.4.0/xtensa-esp32-elf/bin/../lib/gcc/xtensa-esp32-elf/8.4.0] ==> [/home/peterglen/.espressif/tools/xtensa-esp32-elf/esp-2020r3-8.4.0/xtensa-esp32-elf/lib/gcc/xtensa-esp32-elf/8.4.0]
  collapse library dir [/home/peterglen/.espressif/tools/xtensa-esp32-elf/esp-2020r3-8.4.0/xtensa-esp32-elf/bin/../lib/gcc] ==> [/home/peterglen/.espressif/tools/xtensa-esp32-elf/esp-2020r3-8.4.0/xtensa-esp32-elf/lib/gcc]
  collapse library dir [/home/peterglen/.espressif/tools/xtensa-esp32-elf/esp-2020r3-8.4.0/xtensa-esp32-elf/bin/../lib/gcc/xtensa-esp32-elf/8.4.0/../../../../xtensa-esp32-elf/lib] ==> [/home/peterglen/.espressif/tools/xtensa-esp32-elf/esp-2020r3-8.4.0/xtensa-esp32-elf/xtensa-esp32-elf/lib]
  implicit libs: [gcc;c;nosys;c;gcc]
  implicit objs: [/home/peterglen/.espressif/tools/xtensa-esp32-elf/esp-2020r3-8.4.0/xtensa-esp32-elf/xtensa-esp32-elf/lib/crt0.o;/home/peterglen/.espressif/tools/xtensa-esp32-elf/esp-2020r3-8.4.0/xtensa-esp32-elf/lib/gcc/xtensa-esp32-elf/8.4.0/crti.o;/home/peterglen/.espressif/tools/xtensa-esp32-elf/esp-2020r3-8.4.0/xtensa-esp32-elf/lib/gcc/xtensa-esp32-elf/8.4.0/crtbegin.o;/home/peterglen/.espressif/tools/xtensa-esp32-elf/esp-2020r3-8.4.0/xtensa-esp32-elf/lib/gcc/xtensa-esp32-elf/8.4.0/crtend.o;/home/peterglen/.espressif/tools/xtensa-esp32-elf/esp-2020r3-8.4.0/xtensa-esp32-elf/lib/gcc/xtensa-esp32-elf/8.4.0/crtn.o]
  implicit dirs: [/home/peterglen/.espressif/tools/xtensa-esp32-elf/esp-2020r3-8.4.0/xtensa-esp32-elf/lib/gcc/xtensa-esp32-elf/8.4.0;/home/peterglen/.espressif/tools/xtensa-esp32-elf/esp-2020r3-8.4.0/xtensa-esp32-elf/lib/gcc;/home/peterglen/.espressif/tools/xtensa-esp32-elf/esp-2020r3-8.4.0/xtensa-esp32-elf/xtensa-esp32-elf/lib]
  implicit fwks: []


Detecting CXX compiler ABI info compiled with the following output:
Change Dir: /akostar/esp32-s2/esp-s2code/ftm/CMakeFiles/CMakeTmp

Run Build Command(s):/usr/bin/gmake -f Makefile cmTC_97195/fast && gmake[1]: Entering directory '/akostar/esp32-s2/esp-s2code/ftm/CMakeFiles/CMakeTmp'
/usr/bin/gmake  -f CMakeFiles/cmTC_97195.dir/build.make CMakeFiles/cmTC_97195.dir/build
gmake[2]: Entering directory '/akostar/esp32-s2/esp-s2code/ftm/CMakeFiles/CMakeTmp'
Building CXX object CMakeFiles/cmTC_97195.dir/CMakeCXXCompilerABI.cpp.obj
/home/peterglen/.espressif/tools/xtensa-esp32-elf/esp-2020r3-8.4.0/xtensa-esp32-elf/bin/xtensa-esp32-elf-g++   -mlongcalls -Wno-frame-address    -v -o CMakeFiles/cmTC_97195.dir/CMakeCXXCompilerABI.cpp.obj -c /usr/share/cmake-3.20/Modules/CMakeCXXCompilerABI.cpp
Using built-in specs.
COLLECT_GCC=/home/peterglen/.espressif/tools/xtensa-esp32-elf/esp-2020r3-8.4.0/xtensa-esp32-elf/bin/xtensa-esp32-elf-g++
Target: xtensa-esp32-elf
Configured with: /builds/idf/crosstool-NG/.build/xtensa-esp32-elf/src/gcc/configure --build=x86_64-build_pc-linux-gnu --host=x86_64-build_pc-linux-gnu --target=xtensa-esp32-elf --prefix=/builds/idf/crosstool-NG/builds/xtensa-esp32-elf --with-local-prefix=/builds/idf/crosstool-NG/builds/xtensa-esp32-elf/xtensa-esp32-elf --with-headers=/builds/idf/crosstool-NG/builds/xtensa-esp32-elf/xtensa-esp32-elf/include --with-newlib --enable-threads=no --disable-shared --with-pkgversion='crosstool-NG esp-2020r3' --disable-__cxa_atexit --enable-cxx-flags=-ffunction-sections --disable-libgomp --disable-libmudflap --disable-libmpx --disable-libssp --disable-libquadmath --disable-libquadmath-support --with-gmp=/builds/idf/crosstool-NG/.build/xtensa-esp32-elf/buildtools --with-mpfr=/builds/idf/crosstool-NG/.build/xtensa-esp32-elf/buildtools --with-mpc=/builds/idf/crosstool-NG/.build/xtensa-esp32-elf/buildtools --with-isl=/builds/idf/crosstool-NG/.build/xtensa-esp32-elf/buildtools --enable-lto --enable-target-optspace --without-long-double-128 --disable-nls --enable-multiarch --enable-languages=c,c++ --disable-libstdcxx-verbose --enable-threads=posix --enable-gcov-custom-rtio --enable-libstdcxx-time=yes
Thread model: posix
gcc version 8.4.0 (crosstool-NG esp-2020r3) 
COLLECT_GCC_OPTIONS='-mlongcalls' '-Wno-frame-address' '-v' '-o' 'CMakeFiles/cmTC_97195.dir/CMakeCXXCompilerABI.cpp.obj' '-c'
 /home/peterglen/.espressif/tools/xtensa-esp32-elf/esp-2020r3-8.4.0/xtensa-esp32-elf/bin/../libexec/gcc/xtensa-esp32-elf/8.4.0/cc1plus -quiet -v -iprefix /home/peterglen/.espressif/tools/xtensa-esp32-elf/esp-2020r3-8.4.0/xtensa-esp32-elf/bin/../lib/gcc/xtensa-esp32-elf/8.4.0/ /usr/share/cmake-3.20/Modules/CMakeCXXCompilerABI.cpp -quiet -dumpbase CMakeCXXCompilerABI.cpp -mlongcalls -auxbase-strip CMakeFiles/cmTC_97195.dir/CMakeCXXCompilerABI.cpp.obj -Wno-frame-address -version -o /tmp/ccpNpsbI.s
GNU C++14 (crosstool-NG esp-2020r3) version 8.4.0 (xtensa-esp32-elf)
	compiled by GNU C version 4.9.2, GMP version 6.1.2, MPFR version 4.0.1, MPC version 1.1.0, isl version isl-0.19-GMP

GGC heuristics: --param ggc-min-expand=100 --param ggc-min-heapsize=131072
ignoring duplicate directory "/home/peterglen/.espressif/tools/xtensa-esp32-elf/esp-2020r3-8.4.0/xtensa-esp32-elf/bin/../lib/gcc/../../lib/gcc/xtensa-esp32-elf/8.4.0/../../../../xtensa-esp32-elf/include/c++/8.4.0"
ignoring duplicate directory "/home/peterglen/.espressif/tools/xtensa-esp32-elf/esp-2020r3-8.4.0/xtensa-esp32-elf/bin/../lib/gcc/../../lib/gcc/xtensa-esp32-elf/8.4.0/../../../../xtensa-esp32-elf/include/c++/8.4.0/xtensa-esp32-elf"
ignoring duplicate directory "/home/peterglen/.espressif/tools/xtensa-esp32-elf/esp-2020r3-8.4.0/xtensa-esp32-elf/bin/../lib/gcc/../../lib/gcc/xtensa-esp32-elf/8.4.0/../../../../xtensa-esp32-elf/include/c++/8.4.0/backward"
ignoring duplicate directory "/home/peterglen/.espressif/tools/xtensa-esp32-elf/esp-2020r3-8.4.0/xtensa-esp32-elf/bin/../lib/gcc/../../lib/gcc/xtensa-esp32-elf/8.4.0/include"
ignoring duplicate directory "/home/peterglen/.espressif/tools/xtensa-esp32-elf/esp-2020r3-8.4.0/xtensa-esp32-elf/bin/../lib/gcc/../../lib/gcc/xtensa-esp32-elf/8.4.0/include-fixed"
ignoring duplicate directory "/home/peterglen/.espressif/tools/xtensa-esp32-elf/esp-2020r3-8.4.0/xtensa-esp32-elf/bin/../lib/gcc/../../lib/gcc/xtensa-esp32-elf/8.4.0/../../../../xtensa-esp32-elf/sys-include"
ignoring duplicate directory "/home/peterglen/.espressif/tools/xtensa-esp32-elf/esp-2020r3-8.4.0/xtensa-esp32-elf/bin/../lib/gcc/../../lib/gcc/xtensa-esp32-elf/8.4.0/../../../../xtensa-esp32-elf/include"
#include "..." search starts here:
#include <...> search starts here:
 /home/peterglen/.espressif/tools/xtensa-esp32-elf/esp-2020r3-8.4.0/xtensa-esp32-elf/bin/../lib/gcc/xtensa-esp32-elf/8.4.0/../../../../xtensa-esp32-elf/include/c++/8.4.0
 /home/peterglen/.espressif/tools/xtensa-esp32-elf/esp-2020r3-8.4.0/xtensa-esp32-elf/bin/../lib/gcc/xtensa-esp32-elf/8.4.0/../../../../xtensa-esp32-elf/include/c++/8.4.0/xtensa-esp32-elf
 /home/peterglen/.espressif/tools/xtensa-esp32-elf/esp-2020r3-8.4.0/xtensa-esp32-elf/bin/../lib/gcc/xtensa-esp32-elf/8.4.0/../../../../xtensa-esp32-elf/include/c++/8.4.0/backward
 /home/peterglen/.espressif/tools/xtensa-esp32-elf/esp-2020r3-8.4.0/xtensa-esp32-elf/bin/../lib/gcc/xtensa-esp32-elf/8.4.0/include
 /home/peterglen/.espressif/tools/xtensa-esp32-elf/esp-2020r3-8.4.0/xtensa-esp32-elf/bin/../lib/gcc/xtensa-esp32-elf/8.4.0/include-fixed
 /home/peterglen/.espressif/tools/xtensa-esp32-elf/esp-2020r3-8.4.0/xtensa-esp32-elf/bin/../lib/gcc/xtensa-esp32-elf/8.4.0/../../../../xtensa-esp32-elf/sys-include
 /home/peterglen/.espressif/tools/xtensa-esp32-elf/esp-2020r3-8.4.0/xtensa-esp32-elf/bin/../lib/gcc/xtensa-esp32-elf/8.4.0/../../../../xtensa-esp32-elf/include
End of search list.
GNU C++14 (crosstool-NG esp-2020r3) version 8.4.0 (xtensa-esp32-elf)
	compiled by GNU C version 4.9.2, GMP version 6.1.2, MPFR version 4.0.1, MPC version 1.1.0, isl version isl-0.19-GMP

GGC heuristics: --param ggc-min-expand=100 --param ggc-min-heapsize=131072
Compiler executable checksum: 8d3d7cf4a9615fb0943a530e8219815c
COLLECT_GCC_OPTIONS='-mlongcalls' '-Wno-frame-address' '-v' '-o' 'CMakeFiles/cmTC_97195.dir/CMakeCXXCompilerABI.cpp.obj' '-c'
 /home/peterglen/.espressif/tools/xtensa-esp32-elf/esp-2020r3-8.4.0/xtensa-esp32-elf/bin/../lib/gcc/xtensa-esp32-elf/8.4.0/../../../../xtensa-esp32-elf/bin/as --traditional-format --longcalls -o CMakeFiles/cmTC_97195.dir/CMakeCXXCompilerABI.cpp.obj /tmp/ccpNpsbI.s
COMPILER_PATH=/home/peterglen/.espressif/tools/xtensa-esp32-elf/esp-2020r3-8.4.0/xtensa-esp32-elf/bin/../libexec/gcc/xtensa-esp32-elf/8.4.0/:/home/peterglen/.espressif/tools/xtensa-esp32-elf/esp-2020r3-8.4.0/xtensa-esp32-elf/bin/../libexec/gcc/:/home/peterglen/.espressif/tools/xtensa-esp32-elf/esp-2020r3-8.4.0/xtensa-esp32-elf/bin/../lib/gcc/xtensa-esp32-elf/8.4.0/../../../../xtensa-esp32-elf/bin/
LIBRARY_PATH=/home/peterglen/.espressif/tools/xtensa-esp32-elf/esp-2020r3-8.4.0/xtensa-esp32-elf/bin/../lib/gcc/xtensa-esp32-elf/8.4.0/:/home/peterglen/.espressif/tools/xtensa-esp32-elf/esp-2020r3-8.4.0/xtensa-esp32-elf/bin/../lib/gcc/:/home/peterglen/.espressif/tools/xtensa-esp32-elf/esp-2020r3-8.4.0/xtensa-esp32-elf/bin/../lib/gcc/xtensa-esp32-elf/8.4.0/../../../../xtensa-esp32-elf/lib/
COLLECT_GCC_OPTIONS='-mlongcalls' '-Wno-frame-address' '-v' '-o' 'CMakeFiles/cmTC_97195.dir/CMakeCXXCompilerABI.cpp.obj' '-c'
Linking CXX executable cmTC_97195
/usr/bin/cmake -E cmake_link_script CMakeFiles/cmTC_97195.dir/link.txt --verbose=1
/home/peterglen/.espressif/tools/xtensa-esp32-elf/esp-2020r3-8.4.0/xtensa-esp32-elf/bin/xtensa-esp32-elf-g++ -mlongcalls -Wno-frame-address   -v CMakeFiles/cmTC_97195.dir/CMakeCXXCompilerABI.cpp.obj -o cmTC_97195 
Using built-in specs.
COLLECT_GCC=/home/peterglen/.espressif/tools/xtensa-esp32-elf/esp-2020r3-8.4.0/xtensa-esp32-elf/bin/xtensa-esp32-elf-g++
COLLECT_LTO_WRAPPER=/home/peterglen/.espressif/tools/xtensa-esp32-elf/esp-2020r3-8.4.0/xtensa-esp32-elf/bin/../libexec/gcc/xtensa-esp32-elf/8.4.0/lto-wrapper
Target: xtensa-esp32-elf
Configured with: /builds/idf/crosstool-NG/.build/xtensa-esp32-elf/src/gcc/configure --build=x86_64-build_pc-linux-gnu --host=x86_64-build_pc-linux-gnu --target=xtensa-esp32-elf --prefix=/builds/idf/crosstool-NG/builds/xtensa-esp32-elf --with-local-prefix=/builds/idf/crosstool-NG/builds/xtensa-esp32-elf/xtensa-esp32-elf --with-headers=/builds/idf/crosstool-NG/builds/xtensa-esp32-elf/xtensa-esp32-elf/include --with-newlib --enable-threads=no --disable-shared --with-pkgversion='crosstool-NG esp-2020r3' --disable-__cxa_atexit --enable-cxx-flags=-ffunction-sections --disable-libgomp --disable-libmudflap --disable-libmpx --disable-libssp --disable-libquadmath --disable-libquadmath-support --with-gmp=/builds/idf/crosstool-NG/.build/xtensa-esp32-elf/buildtools --with-mpfr=/builds/idf/crosstool-NG/.build/xtensa-esp32-elf/buildtools --with-mpc=/builds/idf/crosstool-NG/.build/xtensa-esp32-elf/buildtools --with-isl=/builds/idf/crosstool-NG/.build/xtensa-esp32-elf/buildtools --enable-lto --enable-target-optspace --without-long-double-128 --disable-nls --enable-multiarch --enable-languages=c,c++ --disable-libstdcxx-verbose --enable-threads=posix --enable-gcov-custom-rtio --enable-libstdcxx-time=yes
Thread model: posix
gcc version 8.4.0 (crosstool-NG esp-2020r3) 
COMPILER_PATH=/home/peterglen/.espressif/tools/xtensa-esp32-elf/esp-2020r3-8.4.0/xtensa-esp32-elf/bin/../libexec/gcc/xtensa-esp32-elf/8.4.0/:/home/peterglen/.espressif/tools/xtensa-esp32-elf/esp-2020r3-8.4.0/xtensa-esp32-elf/bin/../libexec/gcc/:/home/peterglen/.espressif/tools/xtensa-esp32-elf/esp-2020r3-8.4.0/xtensa-esp32-elf/bin/../lib/gcc/xtensa-esp32-elf/8.4.0/../../../../xtensa-esp32-elf/bin/
LIBRARY_PATH=/home/peterglen/.espressif/tools/xtensa-esp32-elf/esp-2020r3-8.4.0/xtensa-esp32-elf/bin/../lib/gcc/xtensa-esp32-elf/8.4.0/:/home/peterglen/.espressif/tools/xtensa-esp32-elf/esp-2020r3-8.4.0/xtensa-esp32-elf/bin/../lib/gcc/:/home/peterglen/.espressif/tools/xtensa-esp32-elf/esp-2020r3-8.4.0/xtensa-esp32-elf/bin/../lib/gcc/xtensa-esp32-elf/8.4.0/../../../../xtensa-esp32-elf/lib/
COLLECT_GCC_OPTIONS='-mlongcalls' '-Wno-frame-address' '-v' '-o' 'cmTC_97195'
 /home/peterglen/.espressif/tools/xtensa-esp32-elf/esp-2020r3-8.4.0/xtensa-esp32-elf/bin/../libexec/gcc/xtensa-esp32-elf/8.4.0/collect2 -plugin /home/peterglen/.espressif/tools/xtensa-esp32-elf/esp-2020r3-8.4.0/xtensa-esp32-elf/bin/../libexec/gcc/xtensa-esp32-elf/8.4.0/liblto_plugin.so -plugin-opt=/home/peterglen/.espressif/tools/xtensa-esp32-elf/esp-2020r3-8.4.0/xtensa-esp32-elf/bin/../libexec/gcc/xtensa-esp32-elf/8.4.0/lto-wrapper -plugin-opt=-fresolution=/tmp/ccou3l58.res -plugin-opt=-pass-through=-lgcc -plugin-opt=-pass-through=-lc -plugin-opt=-pass-through=-lnosys -plugin-opt=-pass-through=-lc -plugin-opt=-pass-through=-lgcc -o cmTC_97195 /home/peterglen/.espressif/tools/xtensa-esp32-elf/esp-2020r3-8.4.0/xtensa-esp32-elf/bin/../lib/gcc/xtensa-esp32-elf/8.4.0/../../../../xtensa-esp32-elf/lib/crt0.o /home/peterglen/.espressif/tools/xtensa-esp32-elf/esp-2020r3-8.4.0/xtensa-esp32-elf/bin/../lib/gcc/xtensa-esp32-elf/8.4.0/crti.o /home/peterglen/.espressif/tools/xtensa-esp32-elf/esp-2020r3-8.4.0/xtensa-esp32-elf/bin/../lib/gcc/xtensa-esp32-elf/8.4.0/crtbegin.o -L/home/peterglen/.espressif/tools/xtensa-esp32-elf/esp-2020r3-8.4.0/xtensa-esp32-elf/bin/../lib/gcc/xtensa-esp32-elf/8.4.0 -L/home/peterglen/.espressif/tools/xtensa-esp32-elf/esp-2020r3-8.4.0/xtensa-esp32-elf/bin/../lib/gcc -L/home/peterglen/.espressif/tools/xtensa-esp32-elf/esp-2020r3-8.4.0/xtensa-esp32-elf/bin/../lib/gcc/xtensa-esp32-elf/8.4.0/../../../../xtensa-esp32-elf/lib CMakeFiles/cmTC_97195.dir/CMakeCXXCompilerABI.cpp.obj -lstdc++ -lm -lgcc -lc -lnosys -lc -lgcc /home/peterglen/.espressif/tools/xtensa-esp32-elf/esp-2020r3-8.4.0/xtensa-esp32-elf/bin/../lib/gcc/xtensa-esp32-elf/8.4.0/crtend.o /home/peterglen/.espressif/tools/xtensa-esp32-elf/esp-2020r3-8.4.0/xtensa-esp32-elf/bin/../lib/gcc/xtensa-esp32-elf/8.4.0/crtn.o
COLLECT_GCC_OPTIONS='-mlongcalls' '-Wno-frame-address' '-v' '-o' 'cmTC_97195'
gmake[2]: Leaving directory '/akostar/esp32-s2/esp-s2code/ftm/CMakeFiles/CMakeTmp'
gmake[1]: Leaving directory '/akostar/esp32-s2/esp-s2code/ftm/CMakeFiles/CMakeTmp'



Parsed CXX implicit include dir info from above output: rv=done
  found start of include info
  found start of implicit include info
    add: [/home/peterglen/.espressif/tools/xtensa-esp32-elf/esp-2020r3-8.4.0/xtensa-esp32-elf/bin/../lib/gcc/xtensa-esp32-elf/8.4.0/../../../../xtensa-esp32-elf/include/c++/8.4.0]
    add: [/home/peterglen/.espressif/tools/xtensa-esp32-elf/esp-2020r3-8.4.0/xtensa-esp32-elf/bin/../lib/gcc/xtensa-esp32-elf/8.4.0/../../../../xtensa-esp32-elf/include/c++/8.4.0/xtensa-esp32-elf]
    add: [/home/peterglen/.espressif/tools/xtensa-esp32-elf/esp-2020r3-8.4.0/xtensa-esp32-elf/bin/../lib/gcc/xtensa-esp32-elf/8.4.0/../../../../xtensa-esp32-elf/include/c++/8.4.0/backward]
    add: [/home/peterglen/.espressif/tools/xtensa-esp32-elf/esp-2020r3-8.4.0/xtensa-esp32-elf/bin/../lib/gcc/xtensa-esp32-elf/8.4.0/include]
    add: [/home/peterglen/.espressif/tools/xtensa-esp32-elf/esp-2020r3-8.4.0/xtensa-esp32-elf/bin/../lib/gcc/xtensa-esp32-elf/8.4.0/include-fixed]
    add: [/home/peterglen/.espressif/tools/xtensa-esp32-elf/esp-2020r3-8.4.0/xtensa-esp32-elf/bin/../lib/gcc/xtensa-esp32-elf/8.4.0/../../../../xtensa-esp32-elf/sys-include]
    add: [/home/peterglen/.espressif/tools/xtensa-esp32-elf/esp-2020r3-8.4.0/xtensa-esp32-elf/bin/../lib/gcc/xtensa-esp32-elf/8.4.0/../../../../xtensa-esp32-elf/include]
  end of search list found
  collapse include dir [/home/peterglen/.espressif/tools/xtensa-esp32-elf/esp-2020r3-8.4.0/xtensa-esp32-elf/bin/../lib/gcc/xtensa-esp32-elf/8.4.0/../../../../xtensa-esp32-elf/include/c++/8.4.0] ==> [/home/peterglen/.espressif/tools/xtensa-esp32-elf/esp-2020r3-8.4.0/xtensa-esp32-elf/xtensa-esp32-elf/include/c++/8.4.0]
  collapse include dir [/home/peterglen/.espressif/tools/xtensa-esp32-elf/esp-2020r3-8.4.0/xtensa-esp32-elf/bin/../lib/gcc/xtensa-esp32-elf/8.4.0/../../../../xtensa-esp32-elf/include/c++/8.4.0/xtensa-esp32-elf] ==> [/home/peterglen/.espressif/tools/xtensa-esp32-elf/esp-2020r3-8.4.0/xtensa-esp32-elf/xtensa-esp32-elf/include/c++/8.4.0/xtensa-esp32-elf]
  collapse include dir [/home/peterglen/.espressif/tools/xtensa-esp32-elf/esp-2020r3-8.4.0/xtensa-esp32-elf/bin/../lib/gcc/xtensa-esp32-elf/8.4.0/../../../../xtensa-esp32-elf/include/c++/8.4.0/backward] ==> [/home/peterglen/.espressif/tools/xtensa-esp32-elf/esp-2020r3-8.4.0/xtensa-esp32-elf/xtensa-esp32-elf/include/c++/8.4.0/backward]
  collapse include dir [/home/peterglen/.espressif/tools/xtensa-esp32-elf/esp-2020r3-8.4.0/xtensa-esp32-elf/bin/../lib/gcc/xtensa-esp32-elf/8.4.0/include] ==> [/home/peterglen/.espressif/tools/xtensa-esp32-elf/esp-2020r3-8.4.0/xtensa-esp32-elf/lib/gcc/xtensa-esp32-elf/8.4.0/include]
  collapse include dir [/home/peterglen/.espressif/tools/xtensa-esp32-elf/esp-2020r3-8.4.0/xtensa-esp32-elf/bin/../lib/gcc/xtensa-esp32-elf/8.4.0/include-fixed] ==> [/home/peterglen/.espressif/tools/xtensa-esp32-elf/esp-2020r3-8.4.0/xtensa-esp32-elf/lib/gcc/xtensa-esp32-elf/8.4.0/include-fixed]
  collapse include dir [/home/peterglen/.espressif/tools/xtensa-esp32-elf/esp-2020r3-8.4.0/xtensa-esp32-elf/bin/../lib/gcc/xtensa-esp32-elf/8.4.0/../../../../xtensa-esp32-elf/sys-include] ==> [/home/peterglen/.espressif/tools/xtensa-esp32-elf/esp-2020r3-8.4.0/xtensa-esp32-elf/xtensa-esp32-elf/sys-include]
  collapse include dir [/home/peterglen/.espressif/tools/xtensa-esp32-elf/esp-2020r3-8.4.0/xtensa-esp32-elf/bin/../lib/gcc/xtensa-esp32-elf/8.4.0/../../../../xtensa-esp32-elf/include] ==> [/home/peterglen/.espressif/tools/xtensa-esp32-elf/esp-2020r3-8.4.0/xtensa-esp32-elf/xtensa-esp32-elf/include]
  implicit include dirs: [/home/peterglen/.espressif/tools/xtensa-esp32-elf/esp-2020r3-8.4.0/xtensa-esp32-elf/xtensa-esp32-elf/include/c++/8.4.0;/home/peterglen/.espressif/tools/xtensa-esp32-elf/esp-2020r3-8.4.0/xtensa-esp32-elf/xtensa-esp32-elf/include/c++/8.4.0/xtensa-esp32-elf;/home/peterglen/.espressif/tools/xtensa-esp32-elf/esp-2020r3-8.4.0/xtensa-esp32-elf/xtensa-esp32-elf/include/c++/8.4.0/backward;/home/peterglen/.espressif/tools/xtensa-esp32-elf/esp-2020r3-8.4.0/xtensa-esp32-elf/lib/gcc/xtensa-esp32-elf/8.4.0/include;/home/peterglen/.espressif/tools/xtensa-esp32-elf/esp-2020r3-8.4.0/xtensa-esp32-elf/lib/gcc/xtensa-esp32-elf/8.4.0/include-fixed;/home/peterglen/.espressif/tools/xtensa-esp32-elf/esp-2020r3-8.4.0/xtensa-esp32-elf/xtensa-esp32-elf/sys-include;/home/peterglen/.espressif/tools/xtensa-esp32-elf/esp-2020r3-8.4.0/xtensa-esp32-elf/xtensa-esp32-elf/include]


Parsed CXX implicit link information from above output:
  link line regex: [^( *|.*[/\])(xtensa-esp32-elf-ld|CMAKE_LINK_STARTFILE-NOTFOUND|([^/\]+-)?ld|collect2)[^/\]*( |$)]
  ignore line: [Change Dir: /akostar/esp32-s2/esp-s2code/ftm/CMakeFiles/CMakeTmp]
  ignore line: []
  ignore line: [Run Build Command(s):/usr/bin/gmake -f Makefile cmTC_97195/fast && gmake[1]: Entering directory '/akostar/esp32-s2/esp-s2code/ftm/CMakeFiles/CMakeTmp']
  ignore line: [/usr/bin/gmake  -f CMakeFiles/cmTC_97195.dir/build.make CMakeFiles/cmTC_97195.dir/build]
  ignore line: [gmake[2]: Entering directory '/akostar/esp32-s2/esp-s2code/ftm/CMakeFiles/CMakeTmp']
  ignore line: [Building CXX object CMakeFiles/cmTC_97195.dir/CMakeCXXCompilerABI.cpp.obj]
  ignore line: [/home/peterglen/.espressif/tools/xtensa-esp32-elf/esp-2020r3-8.4.0/xtensa-esp32-elf/bin/xtensa-esp32-elf-g++   -mlongcalls -Wno-frame-address    -v -o CMakeFiles/cmTC_97195.dir/CMakeCXXCompilerABI.cpp.obj -c /usr/share/cmake-3.20/Modules/CMakeCXXCompilerABI.cpp]
  ignore line: [Using built-in specs.]
  ignore line: [COLLECT_GCC=/home/peterglen/.espressif/tools/xtensa-esp32-elf/esp-2020r3-8.4.0/xtensa-esp32-elf/bin/xtensa-esp32-elf-g++]
  ignore line: [Target: xtensa-esp32-elf]
  ignore line: [Configured with: /builds/idf/crosstool-NG/.build/xtensa-esp32-elf/src/gcc/configure --build=x86_64-build_pc-linux-gnu --host=x86_64-build_pc-linux-gnu --target=xtensa-esp32-elf --prefix=/builds/idf/crosstool-NG/builds/xtensa-esp32-elf --with-local-prefix=/builds/idf/crosstool-NG/builds/xtensa-esp32-elf/xtensa-esp32-elf --with-headers=/builds/idf/crosstool-NG/builds/xtensa-esp32-elf/xtensa-esp32-elf/include --with-newlib --enable-threads=no --disable-shared --with-pkgversion='crosstool-NG esp-2020r3' --disable-__cxa_atexit --enable-cxx-flags=-ffunction-sections --disable-libgomp --disable-libmudflap --disable-libmpx --disable-libssp --disable-libquadmath --disable-libquadmath-support --with-gmp=/builds/idf/crosstool-NG/.build/xtensa-esp32-elf/buildtools --with-mpfr=/builds/idf/crosstool-NG/.build/xtensa-esp32-elf/buildtools --with-mpc=/builds/idf/crosstool-NG/.build/xtensa-esp32-elf/buildtools --with-isl=/builds/idf/crosstool-NG/.build/xtensa-esp32-elf/buildtools --enable-lto --enable-target-optspace --without-long-double-128 --disable-nls --enable-multiarch --enable-languages=c c++ --disable-libstdcxx-verbose --enable-threads=posix --enable-gcov-custom-rtio --enable-libstdcxx-time=yes]
  ignore line: [Thread model: posix]
  ignore line: [gcc version 8.4.0 (crosstool-NG esp-2020r3) ]
  ignore line: [COLLECT_GCC_OPTIONS='-mlongcalls' '-Wno-frame-address' '-v' '-o' 'CMakeFiles/cmTC_97195.dir/CMakeCXXCompilerABI.cpp.obj' '-c']
  ignore line: [ /home/peterglen/.espressif/tools/xtensa-esp32-elf/esp-2020r3-8.4.0/xtensa-esp32-elf/bin/../libexec/gcc/xtensa-esp32-elf/8.4.0/cc1plus -quiet -v -iprefix /home/peterglen/.espressif/tools/xtensa-esp32-elf/esp-2020r3-8.4.0/xtensa-esp32-elf/bin/../lib/gcc/xtensa-esp32-elf/8.4.0/ /usr/share/cmake-3.20/Modules/CMakeCXXCompilerABI.cpp -quiet -dumpbase CMakeCXXCompilerABI.cpp -mlongcalls -auxbase-strip CMakeFiles/cmTC_97195.dir/CMakeCXXCompilerABI.cpp.obj -Wno-frame-address -version -o /tmp/ccpNpsbI.s]
  ignore line: [GNU C++14 (crosstool-NG esp-2020r3) version 8.4.0 (xtensa-esp32-elf)]
  ignore line: [	compiled by GNU C version 4.9.2  GMP version 6.1.2  MPFR version 4.0.1  MPC version 1.1.0  isl version isl-0.19-GMP]
  ignore line: []
  ignore line: [GGC heuristics: --param ggc-min-expand=100 --param ggc-min-heapsize=131072]
  ignore line: [ignoring duplicate directory "/home/peterglen/.espressif/tools/xtensa-esp32-elf/esp-2020r3-8.4.0/xtensa-esp32-elf/bin/../lib/gcc/../../lib/gcc/xtensa-esp32-elf/8.4.0/../../../../xtensa-esp32-elf/include/c++/8.4.0"]
  ignore line: [ignoring duplicate directory "/home/peterglen/.espressif/tools/xtensa-esp32-elf/esp-2020r3-8.4.0/xtensa-esp32-elf/bin/../lib/gcc/../../lib/gcc/xtensa-esp32-elf/8.4.0/../../../../xtensa-esp32-elf/include/c++/8.4.0/xtensa-esp32-elf"]
  ignore line: [ignoring duplicate directory "/home/peterglen/.espressif/tools/xtensa-esp32-elf/esp-2020r3-8.4.0/xtensa-esp32-elf/bin/../lib/gcc/../../lib/gcc/xtensa-esp32-elf/8.4.0/../../../../xtensa-esp32-elf/include/c++/8.4.0/backward"]
  ignore line: [ignoring duplicate directory "/home/peterglen/.espressif/tools/xtensa-esp32-elf/esp-2020r3-8.4.0/xtensa-esp32-elf/bin/../lib/gcc/../../lib/gcc/xtensa-esp32-elf/8.4.0/include"]
  ignore line: [ignoring duplicate directory "/home/peterglen/.espressif/tools/xtensa-esp32-elf/esp-2020r3-8.4.0/xtensa-esp32-elf/bin/../lib/gcc/../../lib/gcc/xtensa-esp32-elf/8.4.0/include-fixed"]
  ignore line: [ignoring duplicate directory "/home/peterglen/.espressif/tools/xtensa-esp32-elf/esp-2020r3-8.4.0/xtensa-esp32-elf/bin/../lib/gcc/../../lib/gcc/xtensa-esp32-elf/8.4.0/../../../../xtensa-esp32-elf/sys-include"]
  ignore line: [ignoring duplicate directory "/home/peterglen/.espressif/tools/xtensa-esp32-elf/esp-2020r3-8.4.0/xtensa-esp32-elf/bin/../lib/gcc/../../lib/gcc/xtensa-esp32-elf/8.4.0/../../../../xtensa-esp32-elf/include"]
  ignore line: [#include "..." search starts here:]
  ignore line: [#include <...> search starts here:]
  ignore line: [ /home/peterglen/.espressif/tools/xtensa-esp32-elf/esp-2020r3-8.4.0/xtensa-esp32-elf/bin/../lib/gcc/xtensa-esp32-elf/8.4.0/../../../../xtensa-esp32-elf/include/c++/8.4.0]
  ignore line: [ /home/peterglen/.espressif/tools/xtensa-esp32-elf/esp-2020r3-8.4.0/xtensa-esp32-elf/bin/../lib/gcc/xtensa-esp32-elf/8.4.0/../../../../xtensa-esp32-elf/include/c++/8.4.0/xtensa-esp32-elf]
  ignore line: [ /home/peterglen/.espressif/tools/xtensa-esp32-elf/esp-2020r3-8.4.0/xtensa-esp32-elf/bin/../lib/gcc/xtensa-esp32-elf/8.4.0/../../../../xtensa-esp32-elf/include/c++/8.4.0/backward]
  ignore line: [ /home/peterglen/.espressif/tools/xtensa-esp32-elf/esp-2020r3-8.4.0/xtensa-esp32-elf/bin/../lib/gcc/xtensa-esp32-elf/8.4.0/include]
  ignore line: [ /home/peterglen/.espressif/tools/xtensa-esp32-elf/esp-2020r3-8.4.0/xtensa-esp32-elf/bin/../lib/gcc/xtensa-esp32-elf/8.4.0/include-fixed]
  ignore line: [ /home/peterglen/.espressif/tools/xtensa-esp32-elf/esp-2020r3-8.4.0/xtensa-esp32-elf/bin/../lib/gcc/xtensa-esp32-elf/8.4.0/../../../../xtensa-esp32-elf/sys-include]
  ignore line: [ /home/peterglen/.espressif/tools/xtensa-esp32-elf/esp-2020r3-8.4.0/xtensa-esp32-elf/bin/../lib/gcc/xtensa-esp32-elf/8.4.0/../../../../xtensa-esp32-elf/include]
  ignore line: [End of search list.]
  ignore line: [GNU C++14 (crosstool-NG esp-2020r3) version 8.4.0 (xtensa-esp32-elf)]
  ignore line: [	compiled by GNU C version 4.9.2  GMP version 6.1.2  MPFR version 4.0.1  MPC version 1.1.0  isl version isl-0.19-GMP]
  ignore line: []
  ignore line: [GGC heuristics: --param ggc-min-expand=100 --param ggc-min-heapsize=131072]
  ignore line: [Compiler executable checksum: 8d3d7cf4a9615fb0943a530e8219815c]
  ignore line: [COLLECT_GCC_OPTIONS='-mlongcalls' '-Wno-frame-address' '-v' '-o' 'CMakeFiles/cmTC_97195.dir/CMakeCXXCompilerABI.cpp.obj' '-c']
  ignore line: [ /home/peterglen/.espressif/tools/xtensa-esp32-elf/esp-2020r3-8.4.0/xtensa-esp32-elf/bin/../lib/gcc/xtensa-esp32-elf/8.4.0/../../../../xtensa-esp32-elf/bin/as --traditional-format --longcalls -o CMakeFiles/cmTC_97195.dir/CMakeCXXCompilerABI.cpp.obj /tmp/ccpNpsbI.s]
  ignore line: [COMPILER_PATH=/home/peterglen/.espressif/tools/xtensa-esp32-elf/esp-2020r3-8.4.0/xtensa-esp32-elf/bin/../libexec/gcc/xtensa-esp32-elf/8.4.0/:/home/peterglen/.espressif/tools/xtensa-esp32-elf/esp-2020r3-8.4.0/xtensa-esp32-elf/bin/../libexec/gcc/:/home/peterglen/.espressif/tools/xtensa-esp32-elf/esp-2020r3-8.4.0/xtensa-esp32-elf/bin/../lib/gcc/xtensa-esp32-elf/8.4.0/../../../../xtensa-esp32-elf/bin/]
  ignore line: [LIBRARY_PATH=/home/peterglen/.espressif/tools/xtensa-esp32-elf/esp-2020r3-8.4.0/xtensa-esp32-elf/bin/../lib/gcc/xtensa-esp32-elf/8.4.0/:/home/peterglen/.espressif/tools/xtensa-esp32-elf/esp-2020r3-8.4.0/xtensa-esp32-elf/bin/../lib/gcc/:/home/peterglen/.espressif/tools/xtensa-esp32-elf/esp-2020r3-8.4.0/xtensa-esp32-elf/bin/../lib/gcc/xtensa-esp32-elf/8.4.0/../../../../xtensa-esp32-elf/lib/]
  ignore line: [COLLECT_GCC_OPTIONS='-mlongcalls' '-Wno-frame-address' '-v' '-o' 'CMakeFiles/cmTC_97195.dir/CMakeCXXCompilerABI.cpp.obj' '-c']
  ignore line: [Linking CXX executable cmTC_97195]
  ignore line: [/usr/bin/cmake -E cmake_link_script CMakeFiles/cmTC_97195.dir/link.txt --verbose=1]
  ignore line: [/home/peterglen/.espressif/tools/xtensa-esp32-elf/esp-2020r3-8.4.0/xtensa-esp32-elf/bin/xtensa-esp32-elf-g++ -mlongcalls -Wno-frame-address   -v CMakeFiles/cmTC_97195.dir/CMakeCXXCompilerABI.cpp.obj -o cmTC_97195 ]
  ignore line: [Using built-in specs.]
  ignore line: [COLLECT_GCC=/home/peterglen/.espressif/tools/xtensa-esp32-elf/esp-2020r3-8.4.0/xtensa-esp32-elf/bin/xtensa-esp32-elf-g++]
  ignore line: [COLLECT_LTO_WRAPPER=/home/peterglen/.espressif/tools/xtensa-esp32-elf/esp-2020r3-8.4.0/xtensa-esp32-elf/bin/../libexec/gcc/xtensa-esp32-elf/8.4.0/lto-wrapper]
  ignore line: [Target: xtensa-esp32-elf]
  ignore line: [Configured with: /builds/idf/crosstool-NG/.build/xtensa-esp32-elf/src/gcc/configure --build=x86_64-build_pc-linux-gnu --host=x86_64-build_pc-linux-gnu --target=xtensa-esp32-elf --prefix=/builds/idf/crosstool-NG/builds/xtensa-esp32-elf --with-local-prefix=/builds/idf/crosstool-NG/builds/xtensa-esp32-elf/xtensa-esp32-elf --with-headers=/builds/idf/crosstool-NG/builds/xtensa-esp32-elf/xtensa-esp32-elf/include --with-newlib --enable-threads=no --disable-shared --with-pkgversion='crosstool-NG esp-2020r3' --disable-__cxa_atexit --enable-cxx-flags=-ffunction-sections --disable-libgomp --disable-libmudflap --disable-libmpx --disable-libssp --disable-libquadmath --disable-libquadmath-support --with-gmp=/builds/idf/crosstool-NG/.build/xtensa-esp32-elf/buildtools --with-mpfr=/builds/idf/crosstool-NG/.build/xtensa-esp32-elf/buildtools --with-mpc=/builds/idf/crosstool-NG/.build/xtensa-esp32-elf/buildtools --with-isl=/builds/idf/crosstool-NG/.build/xtensa-esp32-elf/buildtools --enable-lto --enable-target-optspace --without-long-double-128 --disable-nls --enable-multiarch --enable-languages=c c++ --disable-libstdcxx-verbose --enable-threads=posix --enable-gcov-custom-rtio --enable-libstdcxx-time=yes]
  ignore line: [Thread model: posix]
  ignore line: [gcc version 8.4.0 (crosstool-NG esp-2020r3) ]
  ignore line: [COMPILER_PATH=/home/peterglen/.espressif/tools/xtensa-esp32-elf/esp-2020r3-8.4.0/xtensa-esp32-elf/bin/../libexec/gcc/xtensa-esp32-elf/8.4.0/:/home/peterglen/.espressif/tools/xtensa-esp32-elf/esp-2020r3-8.4.0/xtensa-esp32-elf/bin/../libexec/gcc/:/home/peterglen/.espressif/tools/xtensa-esp32-elf/esp-2020r3-8.4.0/xtensa-esp32-elf/bin/../lib/gcc/xtensa-esp32-elf/8.4.0/../../../../xtensa-esp32-elf/bin/]
  ignore line: [LIBRARY_PATH=/home/peterglen/.espressif/tools/xtensa-esp32-elf/esp-2020r3-8.4.0/xtensa-esp32-elf/bin/../lib/gcc/xtensa-esp32-elf/8.4.0/:/home/peterglen/.espressif/tools/xtensa-esp32-elf/esp-2020r3-8.4.0/xtensa-esp32-elf/bin/../lib/gcc/:/home/peterglen/.espressif/tools/xtensa-esp32-elf/esp-2020r3-8.4.0/xtensa-esp32-elf/bin/../lib/gcc/xtensa-esp32-elf/8.4.0/../../../../xtensa-esp32-elf/lib/]
  ignore line: [COLLECT_GCC_OPTIONS='-mlongcalls' '-Wno-frame-address' '-v' '-o' 'cmTC_97195']
  link line: [ /home/peterglen/.espressif/tools/xtensa-esp32-elf/esp-2020r3-8.4.0/xtensa-esp32-elf/bin/../libexec/gcc/xtensa-esp32-elf/8.4.0/collect2 -plugin /home/peterglen/.espressif/tools/xtensa-esp32-elf/esp-2020r3-8.4.0/xtensa-esp32-elf/bin/../libexec/gcc/xtensa-esp32-elf/8.4.0/liblto_plugin.so -plugin-opt=/home/peterglen/.espressif/tools/xtensa-esp32-elf/esp-2020r3-8.4.0/xtensa-esp32-elf/bin/../libexec/gcc/xtensa-esp32-elf/8.4.0/lto-wrapper -plugin-opt=-fresolution=/tmp/ccou3l58.res -plugin-opt=-pass-through=-lgcc -plugin-opt=-pass-through=-lc -plugin-opt=-pass-through=-lnosys -plugin-opt=-pass-through=-lc -plugin-opt=-pass-through=-lgcc -o cmTC_97195 /home/peterglen/.espressif/tools/xtensa-esp32-elf/esp-2020r3-8.4.0/xtensa-esp32-elf/bin/../lib/gcc/xtensa-esp32-elf/8.4.0/../../../../xtensa-esp32-elf/lib/crt0.o /home/peterglen/.espressif/tools/xtensa-esp32-elf/esp-2020r3-8.4.0/xtensa-esp32-elf/bin/../lib/gcc/xtensa-esp32-elf/8.4.0/crti.o /home/peterglen/.espressif/tools/xtensa-esp32-elf/esp-2020r3-8.4.0/xtensa-esp32-elf/bin/../lib/gcc/xtensa-esp32-elf/8.4.0/crtbegin.o -L/home/peterglen/.espressif/tools/xtensa-esp32-elf/esp-2020r3-8.4.0/xtensa-esp32-elf/bin/../lib/gcc/xtensa-esp32-elf/8.4.0 -L/home/peterglen/.espressif/tools/xtensa-esp32-elf/esp-2020r3-8.4.0/xtensa-esp32-elf/bin/../lib/gcc -L/home/peterglen/.espressif/tools/xtensa-esp32-elf/esp-2020r3-8.4.0/xtensa-esp32-elf/bin/../lib/gcc/xtensa-esp32-elf/8.4.0/../../../../xtensa-esp32-elf/lib CMakeFiles/cmTC_97195.dir/CMakeCXXCompilerABI.cpp.obj -lstdc++ -lm -lgcc -lc -lnosys -lc -lgcc /home/peterglen/.espressif/tools/xtensa-esp32-elf/esp-2020r3-8.4.0/xtensa-esp32-elf/bin/../lib/gcc/xtensa-esp32-elf/8.4.0/crtend.o /home/peterglen/.espressif/tools/xtensa-esp32-elf/esp-2020r3-8.4.0/xtensa-esp32-elf/bin/../lib/gcc/xtensa-esp32-elf/8.4.0/crtn.o]
    arg [/home/peterglen/.espressif/tools/xtensa-esp32-elf/esp-2020r3-8.4.0/xtensa-esp32-elf/bin/../libexec/gcc/xtensa-esp32-elf/8.4.0/collect2] ==> ignore
    arg [-plugin] ==> ignore
    arg [/home/peterglen/.espressif/tools/xtensa-esp32-elf/esp-2020r3-8.4.0/xtensa-esp32-elf/bin/../libexec/gcc/xtensa-esp32-elf/8.4.0/liblto_plugin.so] ==> ignore
    arg [-plugin-opt=/home/peterglen/.espressif/tools/xtensa-esp32-elf/esp-2020r3-8.4.0/xtensa-esp32-elf/bin/../libexec/gcc/xtensa-esp32-elf/8.4.0/lto-wrapper] ==> ignore
    arg [-plugin-opt=-fresolution=/tmp/ccou3l58.res] ==> ignore
    arg [-plugin-opt=-pass-through=-lgcc] ==> ignore
    arg [-plugin-opt=-pass-through=-lc] ==> ignore
    arg [-plugin-opt=-pass-through=-lnosys] ==> ignore
    arg [-plugin-opt=-pass-through=-lc] ==> ignore
    arg [-plugin-opt=-pass-through=-lgcc] ==> ignore
    arg [-o] ==> ignore
    arg [cmTC_97195] ==> ignore
    arg [/home/peterglen/.espressif/tools/xtensa-esp32-elf/esp-2020r3-8.4.0/xtensa-esp32-elf/bin/../lib/gcc/xtensa-esp32-elf/8.4.0/../../../../xtensa-esp32-elf/lib/crt0.o] ==> obj [/home/peterglen/.espressif/tools/xtensa-esp32-elf/esp-2020r3-8.4.0/xtensa-esp32-elf/bin/../lib/gcc/xtensa-esp32-elf/8.4.0/../../../../xtensa-esp32-elf/lib/crt0.o]
    arg [/home/peterglen/.espressif/tools/xtensa-esp32-elf/esp-2020r3-8.4.0/xtensa-esp32-elf/bin/../lib/gcc/xtensa-esp32-elf/8.4.0/crti.o] ==> obj [/home/peterglen/.espressif/tools/xtensa-esp32-elf/esp-2020r3-8.4.0/xtensa-esp32-elf/bin/../lib/gcc/xtensa-esp32-elf/8.4.0/crti.o]
    arg [/home/peterglen/.espressif/tools/xtensa-esp32-elf/esp-2020r3-8.4.0/xtensa-esp32-elf/bin/../lib/gcc/xtensa-esp32-elf/8.4.0/crtbegin.o] ==> obj [/home/peterglen/.espressif/tools/xtensa-esp32-elf/esp-2020r3-8.4.0/xtensa-esp32-elf/bin/../lib/gcc/xtensa-esp32-elf/8.4.0/crtbegin.o]
    arg [-L/home/peterglen/.espressif/tools/xtensa-esp32-elf/esp-2020r3-8.4.0/xtensa-esp32-elf/bin/../lib/gcc/xtensa-esp32-elf/8.4.0] ==> dir [/home/peterglen/.espressif/tools/xtensa-esp32-elf/esp-2020r3-8.4.0/xtensa-esp32-elf/bin/../lib/gcc/xtensa-esp32-elf/8.4.0]
    arg [-L/home/peterglen/.espressif/tools/xtensa-esp32-elf/esp-2020r3-8.4.0/xtensa-esp32-elf/bin/../lib/gcc] ==> dir [/home/peterglen/.espressif/tools/xtensa-esp32-elf/esp-2020r3-8.4.0/xtensa-esp32-elf/bin/../lib/gcc]
    arg [-L/home/peterglen/.espressif/tools/xtensa-esp32-elf/esp-2020r3-8.4.0/xtensa-esp32-elf/bin/../lib/gcc/xtensa-esp32-elf/8.4.0/../../../../xtensa-esp32-elf/lib] ==> dir [/home/peterglen/.espressif/tools/xtensa-esp32-elf/esp-2020r3-8.4.0/xtensa-esp32-elf/bin/../lib/gcc/xtensa-esp32-elf/8.4.0/../../../../xtensa-esp32-elf/lib]
    arg [CMakeFiles/cmTC_97195.dir/CMakeCXXCompilerABI.cpp.obj] ==> ignore
    arg [-lstdc++] ==> lib [stdc++]
    arg [-lm] ==> lib [m]
    arg [-lgcc] ==> lib [gcc]
    arg [-lc] ==> lib [c]
    arg [-lnosys] ==> lib [nosys]
    arg [-lc] ==> lib [c]
    arg [-lgcc] ==> lib [gcc]
    arg [/home/peterglen/.espressif/tools/xtensa-esp32-elf/esp-2020r3-8.4.0/xtensa-esp32-elf/bin/../lib/gcc/xtensa-esp32-elf/8.4.0/crtend.o] ==> obj [/home/peterglen/.espressif/tools/xtensa-esp32-elf/esp-2020r3-8.4.0/xtensa-esp32-elf/bin/../lib/gcc/xtensa-esp32-elf/8.4.0/crtend.o]
    arg [/home/peterglen/.espressif/tools/xtensa-esp32-elf/esp-2020r3-8.4.0/xtensa-esp32-elf/bin/../lib/gcc/xtensa-esp32-elf/8.4.0/crtn.o] ==> obj [/home/peterglen/.espressif/tools/xtensa-esp32-elf/esp-2020r3-8.4.0/xtensa-esp32-elf/bin/../lib/gcc/xtensa-esp32-elf/8.4.0/crtn.o]
  collapse obj [/home/peterglen/.espressif/tools/xtensa-esp32-elf/esp-2020r3-8.4.0/xtensa-esp32-elf/bin/../lib/gcc/xtensa-esp32-elf/8.4.0/../../../../xtensa-esp32-elf/lib/crt0.o] ==> [/home/peterglen/.espressif/tools/xtensa-esp32-elf/esp-2020r3-8.4.0/xtensa-esp32-elf/xtensa-esp32-elf/lib/crt0.o]
  collapse obj [/home/peterglen/.espressif/tools/xtensa-esp32-elf/esp-2020r3-8.4.0/xtensa-esp32-elf/bin/../lib/gcc/xtensa-esp32-elf/8.4.0/crti.o] ==> [/home/peterglen/.espressif/tools/xtensa-esp32-elf/esp-2020r3-8.4.0/xtensa-esp32-elf/lib/gcc/xtensa-esp32-elf/8.4.0/crti.o]
  collapse obj [/home/peterglen/.espressif/tools/xtensa-esp32-elf/esp-2020r3-8.4.0/xtensa-esp32-elf/bin/../lib/gcc/xtensa-esp32-elf/8.4.0/crtbegin.o] ==> [/home/peterglen/.espressif/tools/xtensa-esp32-elf/esp-2020r3-8.4.0/xtensa-esp32-elf/lib/gcc/xtensa-esp32-elf/8.4.0/crtbegin.o]
  collapse obj [/home/peterglen/.espressif/tools/xtensa-esp32-elf/esp-2020r3-8.4.0/xtensa-esp32-elf/bin/../lib/gcc/xtensa-esp32-elf/8.4.0/crtend.o] ==> [/home/peterglen/.espressif/tools/xtensa-esp32-elf/esp-2020r3-8.4.0/xtensa-esp32-elf/lib/gcc/xtensa-esp32-elf/8.4.0/crtend.o]
  collapse obj [/home/peterglen/.espressif/tools/xtensa-esp32-elf/esp-2020r3-8.4.0/xtensa-esp32-elf/bin/../lib/gcc/xtensa-esp32-elf/8.4.0/crtn.o] ==> [/home/peterglen/.espressif/tools/xtensa-esp32-elf/esp-2020r3-8.4.0/xtensa-esp32-elf/lib/gcc/xtensa-esp32-elf/8.4.0/crtn.o]
  collapse library dir [/home/peterglen/.espressif/tools/xtensa-esp32-elf/esp-2020r3-8.4.0/xtensa-esp32-elf/bin/../lib/gcc/xtensa-esp32-elf/8.4.0] ==> [/home/peterglen/.espressif/tools/xtensa-esp32-elf/esp-2020r3-8.4.0/xtensa-esp32-elf/lib/gcc/xtensa-esp32-elf/8.4.0]
  collapse library dir [/home/peterglen/.espressif/tools/xtensa-esp32-elf/esp-2020r3-8.4.0/xtensa-esp32-elf/bin/../lib/gcc] ==> [/home/peterglen/.espressif/tools/xtensa-esp32-elf/esp-2020r3-8.4.0/xtensa-esp32-elf/lib/gcc]
  collapse library dir [/home/peterglen/.espressif/tools/xtensa-esp32-elf/esp-2020r3-8.4.0/xtensa-esp32-elf/bin/../lib/gcc/xtensa-esp32-elf/8.4.0/../../../../xtensa-esp32-elf/lib] ==> [/home/peterglen/.espressif/tools/xtensa-esp32-elf/esp-2020r3-8.4.0/xtensa-esp32-elf/xtensa-esp32-elf/lib]
  implicit libs: [stdc++;m;gcc;c;nosys;c;gcc]
  implicit objs: [/home/peterglen/.espressif/tools/xtensa-esp32-elf/esp-2020r3-8.4.0/xtensa-esp32-elf/xtensa-esp32-elf/lib/crt0.o;/home/peterglen/.espressif/tools/xtensa-esp32-elf/esp-2020r3-8.4.0/xtensa-esp32-elf/lib/gcc/xtensa-esp32-elf/8.4.0/crti.o;/home/peterglen/.espressif/tools/xtensa-esp32-elf/esp-2020r3-8.4.0/xtensa-esp32-elf/lib/gcc/xtensa-esp32-elf/8.4.0/crtbegin.o;/home/peterglen/.espressif/tools/xtensa-esp32-elf/esp-2020r3-8.4.0/xtensa-esp32-elf/lib/gcc/xtensa-esp32-elf/8.4.0/crtend.o;/home/peterglen/.espressif/tools/xtensa-esp32-elf/esp-2020r3-8.4.0/xtensa-esp32-elf/lib/gcc/xtensa-esp32-elf/8.4.0/crtn.o]
  implicit dirs: [/home/peterglen/.espressif/tools/xtensa-esp32-elf/esp-2020r3-8.4.0/xtensa-esp32-elf/lib/gcc/xtensa-esp32-elf/8.4.0;/home/peterglen/.espressif/tools/xtensa-esp32-elf/esp-2020r3-8.4.0/xtensa-esp32-elf/lib/gcc;/home/peterglen/.espressif/tools/xtensa-esp32-elf/esp-2020r3-8.4.0/xtensa-esp32-elf/xtensa-esp32-elf/lib]
  implicit fwks: []


